-- Copyright 2025 Arannamoy Mondal
--
-- Licensed under the Apache License, Version 2.0 (the "License");
-- you may not use this file except in compliance with the License.
-- You may obtain a copy of the License at
--
--     http://www.apache.org/licenses/LICENSE-2.0
--
-- Unless required by applicable law or agreed to in writing, software
-- distributed under the License is distributed on an "AS IS" BASIS,
-- WITHOUT WARRANTIES OR CONDITIONS OF ANY KIND, either express or implied.
-- See the License for the specific language governing permissions and
-- limitations under the License.

CREATE DATABASE CRYPTO_MARKET_ANALYSIS_PROJECT_DATABASE;

SHOW VARIABLES LIKE 'DATADIR';

USE CRYPTO_MARKET_ANALYSIS_PROJECT_DATABASE;

CREATE TABLE BLOCKCHAIN_ACCESS_TYPE(
    TYPE VARCHAR(200) PRIMARY KEY NOT NULL ,
    DESCRIPTION TEXT NOT NULL
);


CREATE TABLE BLOCKCHAIN_TOKEN_TYPE(
    TYPE VARCHAR(200) PRIMARY KEY NOT NULL ,
    DESCRIPTION TEXT NOT NULL
);

CREATE TABLE CONSENSUS_ALGORITHM_TYPE(
    TYPE VARCHAR(200) PRIMARY KEY NOT NULL ,
    DESCRIPTION TEXT NOT NULL
);


CREATE TABLE BLOCKCHAIN_NETWORK_TYPE(
    TYPE VARCHAR(200) PRIMARY KEY NOT NULL ,
    DESCRIPTION TEXT NOT NULL,
    EXAMPLES TEXT NOT NULL ,
    KEY_FEATURES TEXT NOT NULL
);


CREATE TABLE HASH_ALGO_NAME(
    NAME VARCHAR(200) NOT NULL ,
    CONSENSUS_ALGORITHM_TYPE VARCHAR(200) NOT NULL ,
    DESCRIPTION TEXT NOT NULL ,
    HARDWARE_TYPE TEXT NOT NULL ,
    PROS TEXT NOT NULL ,
    CONS TEXT NOT NULL ,
    ENERGY_EFFICIENCY ENUM ('HIGH','LOW','MODERATE') NOT NULL,
    CONSTRAINT FOREIGN KEY (CONSENSUS_ALGORITHM_TYPE) REFERENCES CONSENSUS_ALGORITHM_TYPE(TYPE),
    CONSTRAINT HASH_ALGO_NAME_PK PRIMARY KEY (NAME,CONSENSUS_ALGORITHM_TYPE)
);




CREATE TABLE CRYPTO(
    NAME VARCHAR(200) NOT NULL ,
    SYMBOL VARCHAR(10),
    MAX_PRICE DECIMAL(65,15) NOT NULL ,
    MAX_PRICE_DATE DATE,
    MIN_PRICE DECIMAL(65,15) NOT NULL ,
    MIN_PRICE_DATE DATE,
    TOTAL_SUPPLY DECIMAL(65,15) NOT NULL ,

    CIRCULATING_SUPPLY DECIMAL(65,15) NOT NULL ,

    BLOCKCHAIN_ACCESS_TYPE VARCHAR(200) NOT NULL ,

    CONSENSUS_ALGORITHM_TYPE VARCHAR(200) NOT NULL ,

    BLOCKCHAIN_NETWORK_TYPE VARCHAR(200) NOT NULL ,

    BLOCKCHAIN_TOKEN_TYPE VARCHAR(200) NOT NULL,

    HASH_ALGO_NAME VARCHAR(200),



    FOUNDER VARCHAR(200) NOT NULL ,
    INITIAL_RELEASE_YEAR YEAR NOT NULL,
    OFFICIAL_WEBSITE VARCHAR(100) NOT NULL ,
    DESCRIPTION_FOR_MAJOR_CHANGES_LIKE_AS_MERGE TEXT NOT NULL ,

    CONSTRAINT CRYPTO_TABLE_PK PRIMARY KEY (SYMBOL),

    CONSTRAINT CRYPTO_TABLE_FK_BLOCKCHAIN_TYPE_FK1 FOREIGN KEY (BLOCKCHAIN_ACCESS_TYPE) REFERENCES BLOCKCHAIN_ACCESS_TYPE(TYPE) ON DELETE RESTRICT,

    CONSTRAINT CRYPTO_TABLE_FK_CONSENSUS_ALGO_FK1 FOREIGN KEY (CONSENSUS_ALGORITHM_TYPE) REFERENCES CONSENSUS_ALGORITHM_TYPE(TYPE) ON DELETE RESTRICT,

    CONSTRAINT CRYPTO_TABLE_FK_BLOCKCHAIN_NETWORK_TYPE_FK1 FOREIGN KEY (BLOCKCHAIN_NETWORK_TYPE) REFERENCES BLOCKCHAIN_NETWORK_TYPE(TYPE) ON DELETE RESTRICT,

    CONSTRAINT CRYPTO_TABLE_FK_BLOCKCHAIN_TOKEN_TYPE_FK1 FOREIGN KEY (BLOCKCHAIN_TOKEN_TYPE) REFERENCES BLOCKCHAIN_TOKEN_TYPE(TYPE) ON DELETE RESTRICT,

    CONSTRAINT CRYPTO_TABLE_FK_HASH_ALGO_NAME_FK1 FOREIGN KEY (HASH_ALGO_NAME) REFERENCES HASH_ALGO_NAME(NAME) ON DELETE RESTRICT
);

ALTER TABLE CRYPTO MODIFY COLUMN TOTAL_SUPPLY DECIMAL(65,15); -- MUST RUN THIS, OTHERWISE GIVE ERROR WHEN DATA INSERTED


CREATE TABLE CRYPTO_CURRENCY_PERFORMANCE_METRICS(
    SYMBOL VARCHAR(10),
    TRANSACTION_PER_SECOND DECIMAL(65,15),
    AVERAGE_TRX_FEE DECIMAL(65,15),
    ELECTRICITY_COST_PER_BLOCK DECIMAL(65,15), -- USD PER BLOCK
    HEAT_IMMERSION_PER_TX DECIMAL(65,2), -- JOULE
    HASH_RATE_PER_UNIT VARCHAR(50),
    TOTAL_USERS DECIMAL(65,0),
    CONSTRAINT CRYPTO_CURRENCY_PERFORMANCE_METRICS_PK PRIMARY KEY (SYMBOL),
    CONSTRAINT CRYPTO_CURRENCY_PERFORMANCE_METRICS_FK FOREIGN KEY (SYMBOL) REFERENCES CRYPTO(SYMBOL)
);



CREATE TABLE TOTAL_USER_DISTRIBUTION(
    YEAR YEAR,
    ASIA_USER DECIMAL(65,15),
    NORTH_AMERICA_USER DECIMAL(65,15),
    AMERICA_USER DECIMAL(65,15), -- NORT AMERICA + SOUTH AMERICA
    AFRICA_USER DECIMAL(65,15),
    EUROPE_USER DECIMAL(65,15),
    OCEANIA_USER DECIMAL(65,15),
    TOTAL_MARKET_CAP DECIMAL(65,15),
    CONSTRAINT TOTALUSERDISTRIBUTION_PK_RULE PRIMARY KEY (YEAR)
);


CREATE TABLE MARKET_DOMINANCE(
  YEAR YEAR,
  SYMBOL VARCHAR(10),
  MAX_PRICE DECIMAL(65,15),
  MIN_PRICE DECIMAL(65,30),
  MAX_PRICE_DATE DATE,
  MIN_PRICE_DATE DATE,
  TOTAL_MARKET_CAP_OF_THIS_CURRENCY DECIMAL(65,10),
  DOMINANCE FLOAT,
  TOTAL_TRANSACTION DECIMAL(65,10), -- IN MILLION
  TOTAL_USER DECIMAL(65,10), -- IN MILLION
  TOTAL_WALLET_COUNT DECIMAL(65,10), -- IN MILLION
  CHECK ( DOMINANCE<=100 ),
  CONSTRAINT MARKET_DOMINANCE_SYSMBOL_FK1 FOREIGN KEY (SYMBOL) REFERENCES CRYPTO(SYMBOL),
  CONSTRAINT MARKET_DOMINANCE_PK PRIMARY KEY (SYMBOL,YEAR),
  CONSTRAINT MARKETDOMINANCE_YEAR_FK1 FOREIGN KEY (YEAR) REFERENCES TOTAL_USER_DISTRIBUTION(YEAR)
);


CREATE TABLE COUNTRY(
    COUNTRY_CODE VARCHAR(50),
    COUNTRY_NAME VARCHAR(200),
    CRYPTO_STATUS ENUM ('ACCEPTED','RESTRICTED','BANNED'),
    EDUCATION_PERCENTAGE FLOAT,
    UNEMPLOYMENT_RATE FLOAT,
    GDP DECIMAL(65,10) -- IN BILLION
);

ALTER TABLE COUNTRY ADD CONSTRAINT COUNTRY_PK PRIMARY KEY (COUNTRY_CODE);

CREATE TABLE ACCEPTED_COUNTRY(
  COUNTRY_CODE VARCHAR(50),
  RESTRICTIONS VARCHAR(200),
  CRYPTO_ATMS INT NOT NULL,
  ACCEPTED_YEAR YEAR,
  CONSTRAINT ACCEPTED_COUNTRY_PK PRIMARY KEY (COUNTRY_CODE),
  CONSTRAINT ACCEPTED_COUNTRY_FK FOREIGN KEY (COUNTRY_CODE) REFERENCES COUNTRY(COUNTRY_CODE)
);


CREATE TABLE BANNED_COUNTRY(
  COUNTRY_CODE VARCHAR(50),
  RESTRICTIONS VARCHAR(200),
  CRYPTO_ATMS INT NOT NULL,
  BANNED_YEAR YEAR,
  CONSTRAINT BANNED_COUNTRY_PK PRIMARY KEY (COUNTRY_CODE),
  CONSTRAINT BANNED_COUNTRY_FK FOREIGN KEY (COUNTRY_CODE) REFERENCES COUNTRY(COUNTRY_CODE)
);

CREATE TABLE USER_AMOUNT_IN_BANNED_COUNTRY(
    YEAR YEAR,
    COUNTRY_CODE VARCHAR(50), -- ACCORDING TO PASSPORT COUNTRY CODE ( INTERNATIONAL STANDARDIZATION ORGANIZATION) ISO
    USER_AMOUNT DECIMAL(65,20), -- MILLION
    CONSTRAINT USER_AMOUNT_IN_BANNED_COUNTRY_PK PRIMARY KEY (YEAR,COUNTRY_CODE),
    CONSTRAINT USER_AMOUNT_IN_BANNED_COUNTRY_FK_1 FOREIGN KEY (COUNTRY_CODE) REFERENCES COUNTRY(COUNTRY_CODE)
);


CREATE TABLE ACCEPTED_COUNTRYWISE_MOST_USED_CRYPTO(
    YEAR YEAR,
    COUNTRY_CODE VARCHAR(50),
    CRYPTO_SYMBOL VARCHAR(10),
    USER_PERCENTAGE DECIMAL(10,5),
    CHECK ( USER_PERCENTAGE<=100 ),
    CONSTRAINT ACCEPTED_COUNTRYWISE_MOST_USED_CRYPTO_PK PRIMARY KEY (YEAR,COUNTRY_CODE,CRYPTO_SYMBOL),
    CONSTRAINT ACCEPTED_COUNTRYWISE_MOST_USED_CRYPTO_FK_1 FOREIGN KEY (COUNTRY_CODE) REFERENCES COUNTRY(COUNTRY_CODE),
    CONSTRAINT ACCEPTED_COUNTRYWISE_MOST_USED_CRYPTO_FK_2 FOREIGN KEY (CRYPTO_SYMBOL) REFERENCES CRYPTO(SYMBOL)
);


CREATE TABLE BLOCK_REWARD_EMISSION_TYPE(
    TYPE VARCHAR(50) PRIMARY KEY
);





CREATE TABLE REWARD_DETAILS(
  SYMBOL VARCHAR(10),
  EMISSION_TYPE VARCHAR(50), -- HALVING, TAIL EMISSION, LINEAR EMISSION
  EMISSION_TIME DECIMAL(65,0), -- HALVING HOUR, TAIL EMISSION TIME, LINEAR EMISSION TIME
  STARTING_TIME_BLOCK_REWARD DECIMAL(65,5),
  CURRENT_BLOCK_REWARD DECIMAL(65,5),
  BLOCK_REWARD_TIME DECIMAL(65,30), -- MINUTE
  CONSTRAINT REWARD_TYPE_PK PRIMARY KEY(SYMBOL),
  CONSTRAINT REWARD_TYPE_FK_1 FOREIGN KEY(SYMBOL) REFERENCES CRYPTO(SYMBOL),
  CONSTRAINT REWARD_TYPE_FK_2 FOREIGN KEY (EMISSION_TYPE) REFERENCES BLOCK_REWARD_EMISSION_TYPE(TYPE)
);


CREATE TABLE BLOCK_REWARD_EMISSION( -- BASICALLY WORKS ON HALVING PERIOD BLOCK TIME, HASH RATE
    SYMBOL VARCHAR(10),
    YEAR YEAR,
    DATE DATE,
    BLOCK_REWARD DECIMAL(65,10),
    HALVING_YEAR_MARKET_PRICE DECIMAL(65,20),
    HALVING_YEAR_MARKET_CAP DECIMAL(65,20), -- MILLION
    NETWORK_HASH_RATE DECIMAL(65,0),-- EXAHASH
    CONSTRAINT HALVING_PERIOD_PK PRIMARY KEY (SYMBOL,YEAR),
    CONSTRAINT HALVING_PERIOD_FK_1 FOREIGN KEY (SYMBOL) REFERENCES CRYPTO(SYMBOL)
);

CREATE TABLE HFT_AMF_FIRMS( -- HFT FIRMS AND ASSET MANAGEMENT FINANCIAL FIRMS
    COMPANY_NAME VARCHAR(200),
    HEAD_QUARTER VARCHAR(200),
    ESTABLISHED_YEAR YEAR,
    WORK_TYPE VARCHAR(500),
    FAMOUS_FOR VARCHAR(500),
    CONSTRAINT HFT_ASM_FIRMS PRIMARY KEY (COMPANY_NAME,HEAD_QUARTER,ESTABLISHED_YEAR)
);


CREATE TABLE ETF_INVESTMENT_TYPE( -- ETF EXCHANGE TRADED FUND
    TYPE VARCHAR(200) PRIMARY KEY,
    DESCRIPTION TEXT
);

INSERT INTO ETF_INVESTMENT_TYPE (TYPE, DESCRIPTION) VALUES
('SPOT', 'AN INVESTMENT TYPE WHERE THE ETF HOLDS THE UNDERLYING CRYPTOCURRENCY DIRECTLY, TRACKING THE SPOT PRICE OF THE CRYPTO ASSET ITSELF. IT PROVIDES DIRECT EXPOSURE TO THE ASSET, WITHOUT ANY TIME-BASED CONTRACTS OR DERIVATIVES.'),

('FUTURES', 'AN INVESTMENT TYPE WHERE THE ETF INVESTS IN CRYPTOCURRENCY FUTURES CONTRACTS, WHICH ARE AGREEMENTS TO BUY OR SELL THE CRYPTOCURRENCY AT A FUTURE DATE AT A PREDETERMINED PRICE. IT TRACKS THE FUTURE PRICE OF THE CRYPTO ASSET AND MAY INVOLVE ROLL COSTS.'),

('SPOT (CONVERTED)', 'AN INVESTMENT TYPE WHERE THE ETF HOLDS THE UNDERLYING CRYPTOCURRENCY DIRECTLY, BUT THE ASSET IS CONVERTED TO A SECURITY OR TRUST STRUCTURE (SUCH AS A TRUST OR A FUND). THIS PROVIDES EXPOSURE TO THE SPOT PRICE, BUT TYPICALLY THROUGH A STRUCTURED VEHICLE LIKE GRAYSCALE BITCOIN TRUST.');


CREATE TABLE CRYPTO_ETF(
    ETF_NAME VARCHAR(300),
    ETF_CODE VARCHAR(200),
    COMPANY_NAME VARCHAR(200),
    LAUNCH_DATE DATE,
    YEAR YEAR,
    TOTAL_AUM_UNDER_ETF DECIMAL(65,20), -- IN BILLION USD
    CRYPTO_SYMBOL VARCHAR(10),
    ETF_INVESTMENT_TYPE VARCHAR(200),
    EXPENSE_RATIO DECIMAL(10,5),
    CHECK ( EXPENSE_RATIO <100),
    CONSTRAINT CRYPTO_ETF_FK_1 FOREIGN KEY (COMPANY_NAME) REFERENCES HFT_AMF_FIRMS(COMPANY_NAME),
    CONSTRAINT CRYPTO_ETF_FK_2 FOREIGN KEY (CRYPTO_SYMBOL) REFERENCES CRYPTO(SYMBOL),
    CONSTRAINT CRYPTO_ETF_PK PRIMARY KEY (ETF_CODE,CRYPTO_SYMBOL),
    CONSTRAINT CRYPTO_ETF_FK_3 FOREIGN KEY (ETF_INVESTMENT_TYPE) REFERENCES ETF_INVESTMENT_TYPE(TYPE)
);




CREATE TABLE BROKERAGE(
    NAME VARCHAR(200),
    HEADQUARTER VARCHAR(200),
    ESTABLISHED_YEAR YEAR,
    OWN_CRYPTO_CURRENCY VARCHAR(10),
    FOUNDER_NAME VARCHAR(200),
    CONSTRAINT BROKERAGE_PK PRIMARY KEY (NAME)
);



CREATE TABLE TOP_BROKERAGE(
    YEAR YEAR,
    BROKERAGE_NAME VARCHAR(200),
    TOTAL_MARKET_CAP DECIMAL(30,5),
    MARKET_SHARE DECIMAL(30,5),
    TOTAL_USER DECIMAL(30,5),
    CONSTRAINT TOP_BROKERAGE_PK PRIMARY KEY (BROKERAGE_NAME,YEAR),
    CONSTRAINT TOP_BROKERAGE_FK FOREIGN KEY (BROKERAGE_NAME) REFERENCES BROKERAGE(NAME) ON DELETE CASCADE ,
    CONSTRAINT TOP_BROKERAGE_FK_2 FOREIGN KEY (YEAR) REFERENCES TOTAL_USER_DISTRIBUTION(YEAR) ON DELETE CASCADE
);

CREATE TABLE CONTROVERSY(
    YEAR YEAR,
    ID INT AUTO_INCREMENT,
    BROKERAGE_NAME VARCHAR(200),
    CONTROVERSY_DETAIL VARCHAR(400),
    AFFECTED_CRYPTO VARCHAR(10),
    AFFECTED_AMOUNT_IN_BILLION DECIMAL(65,10),
    CONSTRAINT CONTROVERSY_PK PRIMARY KEY (ID),
    CONSTRAINT CONTROVERSY_FK FOREIGN KEY (BROKERAGE_NAME) REFERENCES BROKERAGE(NAME),
    CONSTRAINT CONTROVERSY_FK2 FOREIGN KEY (AFFECTED_CRYPTO) REFERENCES CRYPTO(SYMBOL)
);



INSERT INTO BLOCKCHAIN_ACCESS_TYPE (
    TYPE,
    DESCRIPTION
) VALUES
('PUBLIC',
 'A BLOCKCHAIN WHERE ANYONE CAN JOIN, PARTICIPATE, AND VALIDATE TRANSACTIONS. IT IS FULLY PERMISSIONLESS, MEANING THERE ARE NO RESTRICTIONS ON WHO CAN PARTICIPATE IN THE CONSENSUS PROCESS. EXAMPLES INCLUDE BITCOIN AND ETHEREUM, WHERE ANYONE CAN BECOME A MINER OR VALIDATOR. PUBLIC BLOCKCHAINS ARE OPEN FOR ALL BUT CAN FACE SCALABILITY AND TRANSACTION SPEED ISSUES.'),
('PRIVATE',
 'A BLOCKCHAIN WHERE ACCESS IS RESTRICTED TO A SPECIFIC GROUP OF PARTICIPANTS, TYPICALLY CONTROLLED BY A SINGLE ORGANIZATION OR CONSORTIUM. ONLY AUTHORIZED PARTICIPANTS CAN JOIN AND VALIDATE TRANSACTIONS, MAKING IT MORE CENTRALIZED AND SECURE. OFTEN USED FOR ENTERPRISE SOLUTIONS TO HANDLE SENSITIVE DATA. EXAMPLES INCLUDE HYPERLEDGER AND CORDA. PRIVATE BLOCKCHAINS OFFER BETTER CONTROL BUT LACK THE DECENTRALIZATION OF PUBLIC CHAINS.'),
('HYBRID',
 'A BLOCKCHAIN THAT COMBINES ELEMENTS OF BOTH PUBLIC AND PRIVATE BLOCKCHAINS, ALLOWING SOME DATA TO BE PUBLIC AND OTHER DATA TO REMAIN PRIVATE. THIS ALLOWS FOR GREATER FLEXIBILITY IN TERMS OF TRANSPARENCY AND CONTROL. FOR EXAMPLE, SENSITIVE DATA CAN BE KEPT PRIVATE WHILE TRANSACTION VALIDATION CAN BE MADE PUBLIC. HYBRID BLOCKCHAINS OFFER A BALANCE OF TRANSPARENCY, SECURITY, AND CONTROL.'),
('CONSORTIUM',
 'A BLOCKCHAIN WHERE THE NETWORK IS GOVERNED BY A GROUP OF ORGANIZATIONS RATHER THAN A SINGLE ENTITY. IT COMBINES ASPECTS OF BOTH PRIVATE AND PUBLIC BLOCKCHAINS, WHERE ONLY AUTHORIZED ENTITIES CAN PARTICIPATE AS VALIDATORS. IT’S OFTEN USED IN BUSINESS COLLABORATIONS TO MAINTAIN PRIVACY WHILE ALLOWING TRANSPARENCY AMONG THE MEMBERS OF THE CONSORTIUM. EXAMPLES INCLUDE QUORUM AND RIPPLE. CONSORTIUM BLOCKCHAINS PROVIDE MORE DECENTRALIZED CONTROL COMPARED TO PRIVATE BLOCKCHAINS BUT ARE STILL PERMISSIONED AND RESTRICTED TO A GROUP OF TRUSTED PARTICIPANTS.');






INSERT INTO BLOCKCHAIN_TOKEN_TYPE (
    TYPE,
    DESCRIPTION
) VALUES
('STABLECOIN', 'A CRYPTOCURRENCY PEGGED TO A STABLE ASSET, SUCH AS A FIAT CURRENCY, TO REDUCE VOLATILITY. EXAMPLES INCLUDE USDT (TETHER), USDC (USD COIN), AND DAI.'),
('NATIVE COIN', 'THE PRIMARY CRYPTOCURRENCY USED WITHIN ITS RESPECTIVE BLOCKCHAIN NETWORK TO PAY FOR TRANSACTION FEES AND SERVICES. EXAMPLES INCLUDE BITCOIN (BTC) FOR BITCOIN, ETHER (ETH) FOR ETHEREUM, AND XRP FOR RIPPLE (XRP LEDGER).'),
('UTILITY TOKEN', 'A TYPE OF TOKEN THAT IS USED WITHIN A BLOCKCHAIN ECOSYSTEM TO ACCESS SPECIFIC FEATURES OR SERVICES. EXAMPLES INCLUDE BINANCE COIN (BNB), WHICH CAN BE USED TO PAY FOR TRANSACTION FEES ON BINANCE.'),
('SECURITY TOKEN', 'A TOKEN THAT REPRESENTS AN OWNERSHIP STAKE OR INVESTMENT IN AN ASSET, TYPICALLY REGULATED BY GOVERNMENT AGENCIES. THESE TOKENS COMPLY WITH SECURITIES LAWS. EXAMPLES INCLUDE TZERO AND TOKENIZED REAL ESTATE ASSETS.'),
('GOVERNANCE TOKEN', 'A TOKEN THAT GRANTS ITS HOLDER THE RIGHT TO PARTICIPATE IN THE DECISION-MAKING PROCESS OF A DECENTRALIZED NETWORK OR PROJECT. EXAMPLES INCLUDE UNISWAP (UNI) AND COMPOUND (COMP).'),
('NON-FUNGIBLE TOKEN (NFT)', 'A UNIQUE, INDIVISIBLE TOKEN THAT REPRESENTS OWNERSHIP OF A SPECIFIC ITEM OR ASSET, SUCH AS DIGITAL ART OR COLLECTIBLES. EXAMPLES INCLUDE CRYPTOPUNKS, BORED APE YACHT CLUB (BAYC), AND DECENTRALAND.');

INSERT INTO BLOCKCHAIN_TOKEN_TYPE (TYPE, DESCRIPTION)
VALUES ('MEME TOKEN','MEME TOKENS ARE CRYPTOCURRENCIES DRIVEN BY INTERNET CULTURE, HUMOR, AND COMMUNITY HYPE, OFTEN LACKING FUNDAMENTAL UTILITY. THEY GAIN TRACTION THROUGH SOCIAL MEDIA (E.G., REDDIT, TWITTER) AND VIRAL TRENDS.');

-- INSERT NEW CONSENSUS ALGORITHMS WITH DESCRIPTIONS
INSERT INTO CONSENSUS_ALGORITHM_TYPE (TYPE, DESCRIPTION) VALUES
('POW', 'PROOF OF WORK: MINERS SOLVE CRYPTOGRAPHIC PUZZLES TO VALIDATE TRANSACTIONS. USED BY BITCOIN (BTC), LITECOIN (LTC), AND DOGECOIN (DOGE).'),
('POS', 'PROOF OF STAKE: VALIDATORS STAKE COINS TO SECURE THE NETWORK. USED BY ETHEREUM (ETH), AVALANCHE (AVAX), AND CARDANO (ADA) VIA OUROBOROS.'),
('POC', 'PROOF OF CAPACITY: VALIDATORS ALLOCATE DISK SPACE TO PARTICIPATE. USED BY CHIA (XCH) AND BURSTCOIN (BURST).'),
('POB', 'PROOF OF BURN: COINS ARE "BURNED" (SENT TO UNSPENDABLE ADDRESSES) TO GAIN MINING RIGHTS. RARELY USED; SEEN IN SLIMCOIN (SLM).'),
('POH', 'PROOF OF HISTORY: CRYPTOGRAPHIC CLOCK FOR ORDERING TRANSACTIONS. PART OF SOLANA’S (SOL) HYBRID CONSENSUS.'),
('POH+POS+BFT', 'HYBRID CONSENSUS COMBINING PROOF OF HISTORY, PROOF OF STAKE, AND BYZANTINE FAULT TOLERANCE. USED BY SOLANA (SOL) FOR SCALABILITY AND SECURITY.'),
('POSA', 'PROOF OF STAKED AUTHORITY: HYBRID OF POS AND PROOF OF AUTHORITY, WHERE VALIDATORS STAKE TOKENS AND ARE PRE-APPROVED. USED BY BNB CHAIN (BNB).'),
('POH+POS', 'COMBINATION OF PROOF OF HISTORY (TIMESTAMPING) AND PROOF OF STAKE. USED BY SOLANA (SOL) FOR HIGH-SPEED VALIDATION.'),
('RIPPLE PROTOCOL', 'RIPPLE PROTOCOL CONSENSUS ALGORITHM (RPCA): TRUSTED VALIDATORS ITERATIVELY AGREE ON TRANSACTIONS. USED BY XRP LEDGER (XRP).'),
('OUROBOROS POS', 'PEER-REVIEWED POS PROTOCOL WITH EPOCHS AND STAKE POOLS. USED BY CARDANO (ADA).'),
('AUXPOW', 'AUXILIARY PROOF OF WORK: ALLOWS MERGING MINING WITH A PARENT CHAIN (E.G., DOGECOIN (DOGE) MINING WITH BITCOIN).'),
('SNOWMAN POS', 'AVALANCHE CONSENSUS VARIANT OPTIMIZED FOR LINEAR BLOCKCHAINS. USED BY AVALANCHE (AVAX) C-CHAIN.'),
('POS (ORACLE)', 'PROOF OF STAKE WITH ORACLE GOVERNANCE. USED BY CHAINLINK (LINK) FOR DECENTRALIZED ORACLE CONSENSUS.'),
('GOVERNANCE', 'ON-CHAIN GOVERNANCE FOR PROTOCOL UPGRADES (NOT STRICTLY CONSENSUS). USED BY MAKERDAO (MKR) AND OTHERS.'),
('TENDERMINT BFT', 'BYZANTINE FAULT TOLERANT CONSENSUS WITH INSTANT FINALITY. USED BY COSMOS (ATOM) AND TERRA CLASSIC (LUNC).'),
('RANDOMX POW', 'ASIC-RESISTANT PROOF OF WORK ALGORITHM. USED BY MONERO (XMR).'),
('PURE POS', 'PERMISSIONLESS POS WITH CRYPTOGRAPHIC RANDOMNESS. USED BY ALGORAND (ALGO).'),
('SCP', 'STELLAR CONSENSUS PROTOCOL: FEDERATED BYZANTINE AGREEMENT. USED BY STELLAR (XLM).'),
('POREP/POST', 'PROOF OF REPLICATION/PROOF OF SPACETIME: STORAGE VALIDATION, NOT BLOCKCHAIN CONSENSUS. USED BY FILECOIN (FIL).'),
('DPOS', 'DELEGATED PROOF OF STAKE: TOKEN HOLDERS ELECT BLOCK PRODUCERS. USED BY TRON (TRX) AND EOS (EOS).'),
('NIGHTSHADE POS', 'SHARDED POS CONSENSUS FOR PARALLEL TRANSACTION PROCESSING. USED BY NEAR PROTOCOL (NEAR).'),
('LIQUID POS', 'LIQUID STAKING WITH DELEGATED VALIDATION. USED BY LIQUIDCHAIN (XLC) AND DERIVATIVES.'),
('THRESHOLD RELAY', 'RANDOM LEADER ELECTION VIA VERIFIABLE DELAY FUNCTIONS. USED BY INTERNET COMPUTER (ICP).'),
('HASHGRAPH ABFT', 'ASYNCHRONOUS BYZANTINE FAULT TOLERANT GOSSIP PROTOCOL. USED BY HEDERA (HBAR).'),
('LACHESIS ABFT', 'DAG-BASED ABFT CONSENSUS FOR FANTOM (FTM).'),
('POS (ETH)', 'ETHEREUM’S PROOF OF STAKE (GASPER CONSENSUS). USED BY ETHEREUM (ETH) POST-MERGE.'),
('N/A', 'NO CONSENSUS MECHANISM (E.G., STABLECOINS, WRAPPED TOKENS, OR NON-BLOCKCHAIN SYSTEMS).'),
('NPOS', 'NOMINATED PROOF OF STAKE: TOKEN HOLDERS NOMINATE VALIDATORS. USED BY POLKADOT (DOT).'),
('POA', 'PROOF OF AUTHORITY: PRE-APPROVED VALIDATORS WITH IDENTITY STAKES. USED BY VECHAIN (VET).');



INSERT INTO BLOCKCHAIN_NETWORK_TYPE (TYPE, DESCRIPTION, EXAMPLES, KEY_FEATURES) VALUES
('LAYER-0',
 'PROTOCOLS ENABLING CROSS-CHAIN INTEROPERABILITY AND MULTI-CHAIN INFRASTRUCTURE.',
 'COSMOS (ATOM), POLKADOT (DOT), AVALANCHE SUBNETS',
 'INTER-BLOCKCHAIN COMMUNICATION (IBC), SHARED SECURITY, PARACHAINS.'),

('LAYER-1',
 'BASE BLOCKCHAIN NETWORKS WITH NATIVE CONSENSUS AND SECURITY.',
 'BITCOIN (BTC), ETHEREUM (ETH), SOLANA (SOL), CARDANO (ADA)',
 'PROOF OF WORK (POW), PROOF OF STAKE (POS), SMART CONTRACTS.'),

('LAYER-2',
 'SCALABILITY SOLUTIONS BUILT ATOP LAYER-1 BLOCKCHAINS.',
 'OPTIMISM (OP), ARBITRUM (ARB), POLYGON ZKEVM, LIGHTNING NETWORK (BITCOIN)',
 'ROLLUPS (ZK/OPTIMISTIC), STATE CHANNELS, INHERITS L1 SECURITY.'),

('SIDECHAIN',
 'INDEPENDENT BLOCKCHAINS CONNECTED TO A LAYER-1 VIA TWO-WAY BRIDGES.',
 'POLYGON POS, GNOSIS CHAIN (XDAI), RONIN (AXS)',
 'CUSTOM CONSENSUS (E.G., POA), FASTER TRANSACTIONS, SEPARATE SECURITY MODEL.'),

('APPCHAIN',
 'APPLICATION-SPECIFIC BLOCKCHAINS TAILORED FOR A SINGLE DAPP.',
 'DYDX CHAIN (COSMOS), INJECTIVE (INJ), OSMOSIS (OSMO)',
 'HIGH CUSTOMIZATION, DEDICATED THROUGHPUT, OFTEN BUILT ON LAYER-0.'),

('HYBRID NETWORK',
 'COMBINES FEATURES OF MULTIPLE LAYERS OR CONSENSUS MODELS.',
 'POLYGON (POS + ZKEVM), AVALANCHE (L1 + SUBNETS)',
 'BALANCES DECENTRALIZATION, SCALABILITY, AND FLEXIBILITY.'),

('MODULAR BLOCKCHAIN',
 'SEPARATES EXECUTION, CONSENSUS, AND DATA AVAILABILITY LAYERS.',
 'CELESTIA (TIA), EIGENLAYER, FUEL NETWORK',
 'SPECIALIZED LAYERS (E.G., ROLLUP-FOCUSED DATA AVAILABILITY).'),

('PRIVATE/PERMISSIONED',
 'RESTRICTED ACCESS NETWORKS FOR ENTERPRISE USE CASES.',
 'HYPERLEDGER FABRIC, R3 CORDA, QUORUM',
 'CENTRALIZED GOVERNANCE, HIGH THROUGHPUT, PRIVACY FEATURES.');



-- HASH_ALGO_NAME TABLE DATA
INSERT INTO HASH_ALGO_NAME (NAME, CONSENSUS_ALGORITHM_TYPE, DESCRIPTION, HARDWARE_TYPE, PROS, CONS, ENERGY_EFFICIENCY) VALUES
('SHA-256', 'POW', 'SECURE HASH ALGORITHM 256-BIT, DEVELOPED BY THE NSA, PRODUCES A 256-BIT HASH. USED FOR BITCOIN MINING AND TRANSACTION VERIFICATION, ENSURING DATA INTEGRITY THROUGH DETERMINISTIC OUTPUT.', 'ASIC, GPU', 'HIGH SECURITY, WIDELY ADOPTED, RESISTANT TO COLLISIONS, STANDARDIZED BY NIST.', 'HIGH COMPUTATIONAL POWER REQUIRED, ASIC DOMINANCE CENTRALIZES MINING, VULNERABLE TO LENGTH EXTENSION ATTACKS.', 'LOW'),
('SCRYPT', 'POW', 'A MEMORY-INTENSIVE HASH FUNCTION DESIGNED TO REDUCE ASIC ADVANTAGE, USED FOR MINING LITECOIN AND DOGECOIN. PRODUCES A HASH THROUGH ITERATIVE COMPUTATIONS.', 'ASIC, GPU, CPU', 'MEMORY-HARD, REDUCES ASIC DOMINANCE, SUPPORTS CPU/GPU MINING, FASTER THAN SHA-256.', 'STILL VULNERABLE TO ASIC MINING, LESS SECURE THAN SHA-256 AGAINST CERTAIN ATTACKS.', 'MODERATE'),
('X11', 'POW', 'A CHAINED HASHING ALGORITHM USING 11 DIFFERENT HASH FUNCTIONS, DEVELOPED FOR DASH. ENERGY-EFFICIENT AND DESIGNED TO DETER ASIC DEVELOPMENT.', 'GPU, CPU', '30% LESS POWER THAN SCRYPT, RUNS COOLER, COMPLEX DESIGN RESISTS ASICS, HIGH SECURITY.', 'LIMITED ADOPTION, COMPLEX IMPLEMENTATION, SOME ASIC DEVELOPMENT POSSIBLE.', 'MODERATE'),
('ETHASH', 'POW', 'MEMORY-HARD ALGORITHM USED BY ETHEREUM CLASSIC, DESIGNED TO BE ASIC-RESISTANT AND GPU-FRIENDLY. RELIES ON A LARGE DAG (DIRECTED ACYCLIC GRAPH) FOR MINING.', 'GPU', 'ASIC-RESISTANT, SUPPORTS GPU MINING, HIGH MEMORY REQUIREMENTS ENHANCE SECURITY.', 'HIGH MEMORY USAGE, COMPLEX SETUP, ETHEREUM’S MOVE TO POS REDUCED ADOPTION.', 'LOW'),
('EQUIHASH', 'POW', 'A MEMORY-HARD ALGORITHM BASED ON THE BIRTHDAY PROBLEM, USED BY ZCASH. DESIGNED TO FAVOR CPU/GPU MINING AND RESIST ASICS.', 'GPU, CPU', 'ASIC-RESISTANT, SUPPORTS STANDARD HARDWARE, HIGH SECURITY FOR PRIVACY COINS.', 'MEMORY-INTENSIVE, LIMITED ADOPTION, SOME ASIC DEVELOPMENT OCCURRED.', 'MODERATE'),
('CRYPTONIGHT', 'POW', 'A MEMORY-HARD ALGORITHM DESIGNED FOR CPU MINING, USED BY MONERO IN EARLY VERSIONS. AIMS TO DEMOCRATIZE MINING BY FAVORING STANDARD PCS.', 'CPU, GPU', 'CPU-FRIENDLY, PROMOTES DECENTRALIZATION, RESISTANT TO ASICS.', 'SLOWER PERFORMANCE, LIMITED SCALABILITY, MONERO MOVED TO RANDOMX.', 'HIGH'),
('KECCAK-256', 'POW', 'A CRYPTOGRAPHIC HASH FUNCTION FROM THE SHA-3 FAMILY, USED BY ETHEREUM FOR TRANSACTION HASHING. PRODUCES A 256-BIT HASH WITH HIGH SECURITY.', 'GPU, CPU', 'HIGH SECURITY, COLLISION-RESISTANT, VERSATILE FOR NON-MINING USES.', 'NOT OPTIMIZED FOR MINING, LIMITED POW USE POST-ETHEREUM MERGE.', 'MODERATE'),
('X15', 'POW', 'A CHAINED ALGORITHM USING 15 HASH FUNCTIONS, DESIGNED FOR ENERGY EFFICIENCY AND RESISTANCE TO CRYPTOGRAPHIC ATTACKS. USED BY SMALLER COINS LIKE BITSEND.', 'GPU, CPU', 'ENHANCED SECURITY THROUGH MULTIPLE HASHES, ENERGY-EFFICIENT, RESISTS SPECIALIZED HARDWARE.', 'VERY LIMITED ADOPTION, COMPLEX IMPLEMENTATION.', 'MODERATE'),
('BLAKE2', 'POW', 'A CRYPTOGRAPHIC HASH FUNCTION FASTER THAN MD5 AND SHA-1, USED BY SOME SMALLER POW COINS. OPTIMIZED FOR SPEED AND SECURITY.', 'GPU, CPU', 'HIGH SPEED, SECURE, IMMUNE TO LENGTH EXTENSION ATTACKS.', 'LESS TESTED IN LARGE-SCALE POW, LIMITED CRYPTOCURRENCY USE.', 'HIGH'),
('LYRA2RE', 'POW', 'A MEMORY-HARD ALGORITHM USED BY VERTCOIN, DESIGNED TO BE ASIC-RESISTANT AND SUPPORT GPU MINING.', 'GPU', 'ASIC-RESISTANT, SUPPORTS DECENTRALIZED MINING, ENERGY-EFFICIENT.', 'LIMITED ADOPTION, LESS SECURE THAN SHA-256 FOR LARGE NETWORKS.', 'MODERATE'),
('GROESTL', 'POW', 'A CRYPTOGRAPHIC HASH FUNCTION FROM THE SHA-3 COMPETITION, USED BY GROESTLCOIN. FOCUSES ON SECURITY AND EFFICIENCY.', 'GPU, CPU', 'HIGH SECURITY, EFFICIENT ON STANDARD HARDWARE, ASIC-RESISTANT.', 'LIMITED ADOPTION, LESS COMMUNITY SUPPORT.', 'MODERATE'),
('QUARK', 'POW', 'A LIGHTWEIGHT ALGORITHM USING MULTIPLE HASH FUNCTIONS, DESIGNED FOR CPU MINING AND ENERGY EFFICIENCY. USED BY QUARKCHAIN.', 'CPU', 'ENERGY-EFFICIENT, CPU-FRIENDLY, PROMOTES DECENTRALIZATION.', 'LOW ADOPTION, LESS SECURE FOR HIGH-VALUE NETWORKS.', 'HIGH'),
('SHA-1', 'POW', 'A 160-BIT HASH FUNCTION, PREDECESSOR TO SHA-2, USED BY SOME EARLY OR NICHE POW COINS. LESS SECURE BUT COMPUTATIONALLY LIGHTER.', 'GPU, CPU', 'LIGHTWEIGHT, FAST COMPUTATION, SUITABLE FOR LOW-POWER DEVICES.', 'SIGNIFICANT CRYPTOGRAPHIC WEAKNESSES, NOT SECURE FOR MODERN USE.', 'HIGH'),
('MD5', 'POW', 'A 128-BIT HASH FUNCTION USED BY SOME OBSCURE POW COINS. FAST BUT CRYPTOGRAPHICALLY BROKEN.', 'GPU, CPU', 'VERY FAST, LOW RESOURCE USAGE.', 'HIGHLY VULNERABLE TO COLLISIONS, UNSUITABLE FOR SECURE APPLICATIONS.', 'HIGH'),
('RIPEMD-160', 'POW', 'A 160-BIT HASH FUNCTION FROM THE RIPEMD FAMILY, USED IN SOME HYBRID POW/POS COINS. BALANCES SECURITY AND EFFICIENCY.', 'GPU, CPU', 'SECURE FOR SMALLER NETWORKS, EFFICIENT ON STANDARD HARDWARE.', 'LESS SECURE THAN SHA-256, LIMITED ADOPTION.', 'MODERATE');

INSERT INTO HASH_ALGO_NAME (NAME, CONSENSUS_ALGORITHM_TYPE, DESCRIPTION, HARDWARE_TYPE, PROS, CONS, ENERGY_EFFICIENCY) VALUES
('RANDOMX', 'POW', 'A PROOF-OF-WORK ALGORITHM DESIGNED FOR MONERO, OPTIMIZED FOR GENERAL-PURPOSE CPUS AND GPUS. USES RANDOM CODE EXECUTION AND MEMORY-HARD TECHNIQUES VIA A VIRTUAL MACHINE, PRODUCING A 256-BIT HASH WITH BLAKE2B. AIMS TO RESIST ASICS AND PROMOTE DECENTRALIZED MINING.', 'CPU, GPU', 'ASIC-RESISTANT, EFFICIENT ON CONSUMER HARDWARE, PROMOTES DECENTRALIZATION, AUDITED FOR SECURITY.', 'COMPLEX IMPLEMENTATION, REQUIRES 64-BIT CPU AND LARGE CACHE, SLOWER IN LIGHT MODE FOR VERIFICATION.', 'HIGH'),
('SHA-256', 'POS', 'SECURE HASH ALGORITHM 256-BIT, USED IN SOLANA’S PROOF OF HISTORY FOR SEQUENTIAL HASHING TO TIMESTAMP TRANSACTIONS. GENERATES A 256-BIT HASH, ENSURING DATA INTEGRITY AND ORDER IN A HIGH-THROUGHPUT POS BLOCKCHAIN.', 'CPU', 'HIGH SECURITY, WIDELY ADOPTED, EFFICIENT FOR NON-MINING TASKS, SUPPORTS SOLANA’S 50,000 TPS.', 'NOT ASIC-RESISTANT IN POW CONTEXTS, LIMITED TO TIMESTAMPING IN POS, COMPUTATIONALLY INTENSIVE FOR SEQUENTIAL TASKS.', 'MODERATE');

INSERT INTO HASH_ALGO_NAME VALUES ('N/A', 'POS',
                                   'NO SPECIFIC HASH ALGORITHM, USED FOR NON-POW OR NON-STANDARD CONSENSUS MECHANISMS.'
                                  ,'N/A','N/A','N/A','HIGH');


-- CRYPTO DATA START


INSERT INTO CRYPTO (
    NAME, SYMBOL, MAX_PRICE, MAX_PRICE_DATE, MIN_PRICE, MIN_PRICE_DATE,
    TOTAL_SUPPLY, CIRCULATING_SUPPLY, BLOCKCHAIN_ACCESS_TYPE, CONSENSUS_ALGORITHM_TYPE,
    BLOCKCHAIN_NETWORK_TYPE, BLOCKCHAIN_TOKEN_TYPE, HASH_ALGO_NAME,
    FOUNDER, INITIAL_RELEASE_YEAR, OFFICIAL_WEBSITE, DESCRIPTION_FOR_MAJOR_CHANGES_LIKE_AS_MERGE
) VALUES
-- 1. BITCOIN
('BITCOIN', 'BTC', 109114.88, '2025-01-25', 0.048650000000000, '2010-07-14', 21000000.000000000000000, 19500000.000000000000000, 'PUBLIC', 'POW', 'LAYER-1', 'NATIVE COIN', 'SHA-256', 'SATOSHI NAKAMOTO', 2009, 'HTTPS://BITCOIN.ORG', 'TAPROOT UPGRADE (2021), ETF APPROVALS (2024)'),
-- 2. ETHEREUM
('ETHEREUM', 'ETH', 6000.000000000000000, '2025-12-31', 0.432979000000000, '2015-10-20', NULL, 120000000.000000000000000, 'PUBLIC', 'POS', 'LAYER-1', 'NATIVE COIN', 'KECCAK-256', 'VITALIK BUTERIN', 2015, 'HTTPS://ETHEREUM.ORG', 'THE MERGE TO POS (2022), DENCUN UPGRADE (2024)'),
-- 3. TETHER
('TETHER', 'USDT', 1.320000000000000, '2018-07-24', 0.572521000000000, '2015-03-02', NULL, 83000000000.000000000000000, 'HYBRID', 'N/A', 'LAYER-1', 'STABLECOIN', 'N/A', 'BROCK PIERCE', 2014, 'HTTPS://TETHER.TO', 'RESERVE ATTESTATION CHANGES (2022), MULTI-CHAIN EXPANSION'),
-- 4. XRP
('XRP', 'XRP', 3.400000000000000, '2018-01-07', 0.002686000000000, '2014-05-22', 100000000000.000000000000000, 54000000000.000000000000000, 'PUBLIC', 'RIPPLE PROTOCOL', 'LAYER-1', 'NATIVE COIN', 'N/A', 'CHRIS LARSEN', 2013, 'HTTPS://RIPPLE.COM', 'SEC LAWSUIT RESOLUTION (2023)'),
-- 5. BINANCE COIN
('BINANCE COIN', 'BNB', 717.480000000000000, '2024-06-06', 0.096109000000000, '2017-08-02', 200000000.000000000000000, 157000000.000000000000000, 'PUBLIC', 'POSA', 'LAYER-1', 'UTILITY TOKEN', 'N/A', 'CHANGPENG ZHAO', 2017, 'HTTPS://BNBCHAIN.ORG', 'BNB CHAIN REBRAND (2022)'),
-- 6. USD COIN
('USD COIN', 'USDC', 1.170000000000000, '2019-05-08', 0.877647000000000, '2023-03-11', NULL, 56000000000.000000000000000, 'HYBRID', 'N/A', 'LAYER-1', 'STABLECOIN', 'N/A', 'CIRCLE', 2018, 'HTTPS://CIRCLE.COM', 'CCTP CROSS-CHAIN PROTOCOL (2023)'),
-- 7. SOLANA
('SOLANA', 'SOL', 259.960000000000000, '2021-11-06', 0.500801000000000, '2020-05-11', 511000000.000000000000000, 400000000.000000000000000, 'PUBLIC', 'POH+POS', 'LAYER-1', 'NATIVE COIN', 'SHA-256', 'ANATOLY YAKOVENKO', 2020, 'HTTPS://SOLANA.COM', 'NETWORK OUTAGES (2022-2023), FIREDANCER UPGRADE (2024)'),
-- 8. CARDANO
('CARDANO', 'ADA', 3.090000000000000, '2021-09-02', 0.019252000000000, '2020-03-13', 45000000000.000000000000000, 35000000000.000000000000000, 'PUBLIC', 'OUROBOROS POS', 'LAYER-1', 'NATIVE COIN', 'N/A', 'CHARLES HOSKINSON', 2017, 'HTTPS://CARDANO.ORG', 'ALONZO HARD FORK (2021), CHANG UPGRADE (2024)'),
-- 9. DOGECOIN
('DOGECOIN', 'DOGE', 0.731578000000000, '2021-05-08', 0.000086900000000, '2015-05-06', NULL, 142000000000.000000000000000, 'PUBLIC', 'AUXPOW', 'LAYER-1', 'NATIVE COIN', 'SCRYPT', 'BILLY MARKUS', 2013, 'HTTPS://DOGECOIN.COM', 'MERGE MINING WITH LITECOIN, ELON MUSK ENDORSEMENTS'),
-- 10. TRON
('TRON', 'TRX', 0.231673000000000, '2018-01-05', 0.001804000000000, '2017-11-12', 100000000000.000000000000000, 92000000000.000000000000000, 'PUBLIC', 'DPOS', 'LAYER-1', 'NATIVE COIN', 'N/A', 'JUSTIN SUN', 2017, 'HTTPS://TRON.NETWORK', 'USDD STABLECOIN LAUNCH (2022)'),
-- 11. AVALANCHE
('AVALANCHE', 'AVAX', 144.960000000000000, '2021-11-21', 2.800000000000000, '2020-12-31', 720000000.000000000000000, 400000000.000000000000000, 'PUBLIC', 'SNOWMAN POS', 'LAYER-1', 'NATIVE COIN', 'N/A', 'EMIN GÜN SIRER', 2020, 'HTTPS://AVAX.NETWORK', 'APRICOT UPGRADE (2021), SUBNET EXPANSION'),
-- 12. SHIBA INU
('SHIBA INU', 'SHIB', 0.000086160000000, '2021-10-28', 0.000000000081000, '2020-09-01', 1000000000000000.000000000000000, 549000000000000.000000000000000, 'PUBLIC', 'POS (ETH)', 'LAYER-2', 'MEME TOKEN', 'KECCAK-256', 'RYOSHI', 2020, 'HTTPS://SHIBATOKEN.COM', 'SHIBARIUM LAUNCH (2023)'),
-- 13. POLKADOT
('POLKADOT', 'DOT', 54.980000000000000, '2021-11-04', 2.700000000000000, '2020-08-20', 1200000000.000000000000000, 1100000000.000000000000000, 'PUBLIC', 'NPOS', 'LAYER-0', 'NATIVE COIN', 'N/A', 'GAVIN WOOD', 2020, 'HTTPS://POLKADOT.NETWORK', 'PARACHAIN LAUNCHES (2021)'),
-- 14. CHAINLINK
('CHAINLINK', 'LINK', 52.700000000000000, '2021-05-10', 0.148183000000000, '2017-11-29', 1000000000.000000000000000, 550000000.000000000000000, 'HYBRID', 'POS (ORACLE)', 'LAYER-1', 'UTILITY TOKEN', 'KECCAK-256', 'SERGEY NAZAROV', 2017, 'HTTPS://CHAIN.LINK', 'CCIP LAUNCH (2023)'),
-- 15. BITCOIN CASH
('BITCOIN CASH', 'BCH', 3785.820000000000000, '2017-12-20', 76.930000000000000, '2018-12-16', 21000000.000000000000000, 19400000.000000000000000, 'PUBLIC', 'POW', 'LAYER-1', 'NATIVE COIN', 'SHA-256', 'ROGER VER', 2017, 'HTTPS://BITCOINCASH.ORG', 'HARD FORK FROM BITCOIN (2017)'),
-- 16. DAI
('DAI', 'DAI', 1.220000000000000, '2020-03-13', 0.903243000000000, '2018-03-31', NULL, 10000000000.000000000000000, 'PUBLIC', 'POS (ETH)', 'LAYER-2', 'STABLECOIN', 'KECCAK-256', 'MAKERDAO', 2017, 'HTTPS://MAKERDAO.COM', 'MULTI-CHAIN DAI (2023)'),
-- 17. LITECOIN
('LITECOIN', 'LTC', 410.260000000000000, '2021-05-10', 1.150000000000000, '2015-01-14', 84000000.000000000000000, 73000000.000000000000000, 'PUBLIC', 'POW', 'LAYER-1', 'NATIVE COIN', 'SCRYPT', 'CHARLIE LEE', 2011, 'HTTPS://LITECOIN.ORG', 'MIMBLEWIMBLE UPGRADE (2022)'),
-- 18. NEAR PROTOCOL
('NEAR PROTOCOL', 'NEAR', 20.440000000000000, '2022-01-16', 0.526762000000000, '2020-11-04', 1000000000.000000000000000, 850000000.000000000000000, 'PUBLIC', 'NIGHTSHADE POS', 'LAYER-1', 'NATIVE COIN', 'N/A', 'ILLIA POLOSUKHIN', 2020, 'HTTPS://NEAR.ORG', 'SHARDING PHASE 1 (2023)'),
-- 19. POLYGON
('POLYGON', 'MATIC', 2.920000000000000, '2021-12-27', 0.003143000000000, '2019-05-10', 10000000000.000000000000000, 9300000000.000000000000000, 'PUBLIC', 'POS', 'LAYER-2', 'UTILITY TOKEN', 'KECCAK-256', 'SANDEEP NAILWAL', 2017, 'HTTPS://POLYGON.TECHNOLOGY', 'ZKEVM LAUNCH (2023)'),
-- 20. INTERNET COMPUTER
('INTERNET COMPUTER', 'ICP', 700.650000000000000, '2021-05-10', 2.870000000000000, '2023-09-22', 469000000.000000000000000, 450000000.000000000000000, 'PUBLIC', 'THRESHOLD RELAY', 'LAYER-1', 'NATIVE COIN', 'N/A', 'DOMINIC WILLIAMS', 2021, 'HTTPS://INTERNETCOMPUTER.ORG', 'BITCOIN INTEGRATION (2023)'),
-- 21. FETCH.AI
('FETCH.AI', 'FET', 3.330000000000000, '2024-03-31', 0.008300000000000, '2019-03-02', 1152997575.000000000000000, 1040000000.000000000000000, 'PUBLIC', 'POS', 'LAYER-1', 'UTILITY TOKEN', 'N/A', 'HUMAYUN SHEIKH', 2019, 'HTTPS://FETCH.AI', 'AI AGENT ECOSYSTEM EXPANSION (2024)'),
-- 22. STELLAR
('STELLAR', 'XLM', 0.875563000000000, '2018-01-03', 0.000476000000000, '2014-11-18', 50000000000.000000000000000, 28000000000.000000000000000, 'PUBLIC', 'SCP', 'LAYER-1', 'NATIVE COIN', 'N/A', 'JED MCCALEB', 2014, 'HTTPS://STELLAR.ORG', 'PROTOCOL 19 UPGRADE (2023)'),
-- 23. ETHEREUM CLASSIC
('ETHEREUM CLASSIC', 'ETC', 167.090000000000000, '2021-05-06', 0.615038000000000, '2016-07-25', 210700000.000000000000000, 140000000.000000000000000, 'PUBLIC', 'POW', 'LAYER-1', 'NATIVE COIN', 'ETHASH', 'ETHEREUM FOUNDATION', 2016, 'HTTPS://ETHEREUMCLASSIC.ORG', 'THANOS UPGRADE (2020)'),
-- 24. COSMOS
('COSMOS', 'ATOM', 44.450000000000000, '2022-01-17', 1.160000000000000, '2020-03-13', NULL, 350000000.000000000000000, 'PUBLIC', 'TENDERMINT BFT', 'LAYER-0', 'NATIVE COIN', 'N/A', 'JAE KWON', 2019, 'HTTPS://COSMOS.NETWORK', 'INTERCHAIN SECURITY (2023)'),
-- 25. FILECOIN
('FILECOIN', 'FIL', 236.840000000000000, '2021-04-01', 2.640000000000000, '2022-12-16', 2000000000.000000000000000, 400000000.000000000000000, 'PUBLIC', 'POREP/POST', 'LAYER-1', 'UTILITY TOKEN', 'N/A', 'JUAN BENET', 2017, 'HTTPS://FILECOIN.IO', 'FVM LAUNCH (2023)'),
-- 26. ARBITRUM
('ARBITRUM', 'ARB', 2.750000000000000, '2023-03-23', 0.360000000000000, '2023-09-11', 10000000000.000000000000000, 2000000000.000000000000000, 'PUBLIC', 'POS', 'LAYER-2', 'GOVERNANCE TOKEN', 'KECCAK-256', 'OFFCHAIN LABS', 2023, 'HTTPS://ARBITRUM.IO', 'MAINNET LAUNCH (2023)'),
-- 27. CRONOS
('CRONOS', 'CRO', 0.965407000000000, '2021-11-24', 0.012119000000000, '2019-02-08', 30000000000.000000000000000, 25000000000.000000000000000, 'PUBLIC', 'POS', 'LAYER-1', 'UTILITY TOKEN', 'N/A', 'KRIS MARSZALEK', 2018, 'HTTPS://CRONOS.ORG', 'CRONOS CHAIN LAUNCH (2021)'),
-- 28. HEDERA
('HEDERA', 'HBAR', 0.569229000000000, '2021-09-15', 0.009861000000000, '2020-01-02', 50000000000.000000000000000, 33000000000.000000000000000, 'PUBLIC', 'HASHGRAPH ABFT', 'LAYER-1', 'NATIVE COIN', 'N/A', 'LEEMON BAIRD', 2019, 'HTTPS://HEDERA.COM', 'CONSENSUS SERVICE 2.0 (2023)'),
-- 29. FANTOM
('FANTOM', 'FTM', 3.460000000000000, '2021-10-28', 0.001902000000000, '2020-03-13', 3175000000.000000000000000, 2800000000.000000000000000, 'PUBLIC', 'LACHESIS ABFT', 'LAYER-1', 'NATIVE COIN', 'N/A', 'DR. AHN BYUNG IK', 2019, 'HTTPS://FANTOM.FOUNDATION', 'GAS MONETIZATION (2023)'),
-- 30. THE GRAPH
('THE GRAPH', 'GRT', 0.667000000000000, '2021-04-16', 0.021000000000000, '2020-12-17', 10788004317.000000000000000, 8000000000.000000000000000, 'PUBLIC', 'POS', 'LAYER-2', 'UTILITY TOKEN', 'KECCAK-256', 'YANIV TAL', 2020, 'HTTPS://THEGRAPH.COM', 'DECENTRALIZED INDEXING (2023)'),
-- 31. ALGORAND
('ALGORAND', 'ALGO', 3.560000000000000, '2019-06-20', 0.087513000000000, '2023-09-11', 10000000000.000000000000000, 7500000000.000000000000000, 'PUBLIC', 'PURE POS', 'LAYER-1', 'NATIVE COIN', 'N/A', 'SILVIO MICALI', 2019, 'HTTPS://ALGORAND.COM', 'STATE PROOFS (2022)'),
-- 32. VECHAIN
('VECHAIN', 'VET', 0.280991000000000, '2021-04-17', 0.001678000000000, '2020-03-13', 86700000000.000000000000000, 72500000000.000000000000000, 'PUBLIC', 'POA', 'LAYER-1', 'UTILITY TOKEN', 'N/A', 'SUNNY LU', 2017, 'HTTPS://VECHAIN.ORG', 'VECHAINTHOR 2.0 (2022)'),
-- 33. TEZOS
('TEZOS', 'XTZ', 9.120000000000000, '2021-10-04', 0.350476000000000, '2018-12-07', NULL, 950000000.000000000000000, 'PUBLIC', 'LIQUID POS', 'LAYER-1', 'NATIVE COIN', 'N/A', 'ARTHUR BREITMAN', 2018, 'HTTPS://TEZOS.COM', 'MUMBAI UPGRADE (2023)'),
-- 34. THE SANDBOX
('THE SANDBOX', 'SAND', 8.400000000000000, '2021-11-25', 0.028972000000000, '2020-11-04', 3000000000.000000000000000, 2300000000.000000000000000, 'PUBLIC', 'POS (ETH)', 'LAYER-2', 'UTILITY TOKEN', 'KECCAK-256', 'ARTHUR MADRID', 2020, 'HTTPS://SANDBOX.GAME', 'LAND STAKING (2023)'),
-- 35. DECENTRALAND
('DECENTRALAND', 'MANA', 5.850000000000000, '2021-11-25', 0.009317000000000, '2017-10-31', 2200000000.000000000000000, 1900000000.000000000000000, 'PUBLIC', 'POS (ETH)', 'LAYER-2', 'UTILITY TOKEN', 'KECCAK-256', 'ARI MEILICH', 2017, 'HTTPS://DECENTRALAND.ORG', 'DAO GOVERNANCE OVERHAUL (2022)'),
-- 36. AXIE INFINITY
('AXIE INFINITY', 'AXS', 164.900000000000000, '2021-11-06', 0.123718000000000, '2020-11-06', 270000000.000000000000000, 120000000.000000000000000, 'PUBLIC', 'POS', 'SIDECHAIN', 'GOVERNANCE TOKEN', 'KECCAK-256', 'TRUNG NGUYEN', 2020, 'HTTPS://AXIEINFINITY.COM', 'RONIN BRIDGE RELAUNCH (2023)'),
-- 37. AAVE
('AAVE', 'AAVE', 661.690000000000000, '2021-05-18', 26.020000000000000, '2020-11-05', 16000000.000000000000000, 14000000.000000000000000, 'PUBLIC', 'POS (ETH)', 'LAYER-2', 'GOVERNANCE TOKEN', 'KECCAK-256', 'STANI KULECHOV', 2017, 'HTTPS://AAVE.COM', 'V3 PROTOCOL (2022)'),
-- 38. MONERO
('MONERO', 'XMR', 542.330000000000000, '2018-01-09', 0.216177000000000, '2015-01-14', 18400000.000000000000000, 18200000.000000000000000, 'PUBLIC', 'RANDOMX POW', 'LAYER-1', 'NATIVE COIN', 'RANDOMX', 'RICARDO SPAGNI', 2014, 'HTTPS://GETMONERO.ORG', 'TAIL EMISSION ACTIVATION (2022)'),
-- 39. KUSAMA
('KUSAMA', 'KSM', 621.710000000000000, '2021-05-18', 0.876743000000000, '2020-01-14', 10000000.000000000000000, 8500000.000000000000000, 'PUBLIC', 'NPOS', 'LAYER-0', 'NATIVE COIN', 'N/A', 'GAVIN WOOD', 2019, 'HTTPS://KUSAMA.NETWORK', 'PARACHAIN AUCTIONS (2021)'),
-- 40. ZCASH
('ZCASH', 'ZEC', 5941.800000000000000, '2016-10-29', 18.940000000000000, '2020-03-13', 21000000.000000000000000, 16000000.000000000000000, 'PUBLIC', 'POW', 'LAYER-1', 'NATIVE COIN', 'EQUIHASH', 'ZOOKO WILCOX', 2016, 'HTTPS://Z.CASH', 'HALO 2 UPGRADE (2022)'),
-- 41. CHILIZ
('CHILIZ', 'CHZ', 0.878633000000000, '2021-03-13', 0.004001000000000, '2019-09-28', 8888888888.000000000000000, 6000000000.000000000000000, 'PUBLIC', 'POA', 'LAYER-1', 'UTILITY TOKEN', 'N/A', 'ALEXANDRE DREYFUS', 2019, 'HTTPS://CHILIZ.COM', 'SOCIOS.COM EXPANSION (2023)'),
-- 42. HELIUM
('HELIUM', 'HNT', 54.880000000000000, '2021-11-12', 0.113248000000000, '2020-04-18', 223000000.000000000000000, 160000000.000000000000000, 'PUBLIC', 'POC', 'LAYER-1', 'NATIVE COIN', 'N/A', 'AMIR HALEEM', 2019, 'HTTPS://HELIUM.COM', 'SOLANA MIGRATION (2023)'),
-- 43. OPTIMISM
('OPTIMISM', 'OP', 4.850000000000000, '2022-05-31', 0.400000000000000, '2022-12-07', 4294967296.000000000000000, 1000000000.000000000000000, 'PUBLIC', 'POS', 'LAYER-2', 'GOVERNANCE TOKEN', 'KECCAK-256', 'OPTIMISM FOUNDATION', 2022, 'HTTPS://OPTIMISM.IO', 'BEDROCK UPGRADE (2023)'),
-- 44. MAKER
('MAKER', 'MKR', 4095.000000000000000, '2021-05-03', 97.960000000000000, '2017-01-29', 1005577.000000000000000, 950000.000000000000000, 'PUBLIC', 'POS (ETH)', 'LAYER-2', 'GOVERNANCE TOKEN', 'KECCAK-256', 'RUNE CHRISTENSEN', 2017, 'HTTPS://MAKERDAO.COM', 'ENDGAME PLAN (2024)'),
-- 45. INJECTIVE
('INJECTIVE', 'INJ', 44.950000000000000, '2024-03-14', 0.657000000000000, '2020-11-04', 100000000.000000000000000, 85000000.000000000000000, 'PUBLIC', 'TENDERMINT BFT', 'APPCHAIN', 'NATIVE COIN', 'N/A', 'ERIC CHEN', 2020, 'HTTPS://INJECTIVE.COM', 'COSMOS SDK INTEGRATION'),
-- 46. IMMUTABLE X
('IMMUTABLE X', 'IMX', 3.760000000000000, '2021-11-26', 0.110000000000000, '2021-06-11', 2000000000.000000000000000, 1500000000.000000000000000, 'PUBLIC', 'POS', 'LAYER-2', 'UTILITY TOKEN', 'KECCAK-256', 'JAMES FERGUSON', 2021, 'HTTPS://IMMUTABLE.COM', 'IMMUTABLE ZKEVM LAUNCH (2024)'),
-- 47. APTOS
('APTOS', 'APT', 20.250000000000000, '2023-01-26', 3.080000000000000, '2022-12-07', 1000000000.000000000000000, 400000000.000000000000000, 'PUBLIC', 'POS', 'LAYER-1', 'NATIVE COIN', 'N/A', 'MO SHAIKH', 2022, 'HTTPS://APTOSLABS.COM', 'MAINNET LAUNCH (2022)'),
-- 48. SEI
('SEI', 'SEI', 0.880000000000000, '2023-08-15', 0.095000000000000, '2023-09-11', 10000000000.000000000000000, 3000000000.000000000000000, 'PUBLIC', 'TENDERMINT BFT', 'LAYER-1', 'NATIVE COIN', 'N/A', 'JAYENDRA JOG', 2023, 'HTTPS://SEI.NETWORK', 'MAINNET LAUNCH (2023)'),
-- 49. LIDO DAO
('LIDO DAO', 'LDO', 3.330000000000000, '2021-11-16', 0.404000000000000, '2020-12-17', 1000000000.000000000000000, 900000000.000000000000000, 'PUBLIC', 'POS (ETH)', 'LAYER-2', 'GOVERNANCE TOKEN', 'KECCAK-256', 'KONSTANTIN LOMASHUK', 2020, 'HTTPS://LIDO.FI', 'LIQUID STAKING EXPANSION (2023)'),
-- 50. ONDO
('ONDO', 'ONDO', 3.330000000000000, '2024-03-31', 0.810000000000000, '2024-01-18', 10000000000.000000000000000, 2000000000.000000000000000, 'PUBLIC', 'POS', 'LAYER-2', 'UTILITY TOKEN', 'KECCAK-256', 'NATHAN ALLMAN', 2024, 'HTTPS://ONDO.FINANCE', 'RWA TOKENIZATION LAUNCH (2024)');

-- CRYPTO DATA END


-- CRYPTO_PERFORMANCE_METRICS_START
INSERT INTO CRYPTO_CURRENCY_PERFORMANCE_METRICS (SYMBOL, TRANSACTION_PER_SECOND,
                                                 AVERAGE_TRX_FEE
                                                , ELECTRICITY_COST_PER_BLOCK, HEAT_IMMERSION_PER_TX,
                                                 HASH_RATE_PER_UNIT,
                                                 TOTAL_USERS) VALUES
('BTC', 7.00, 2.5000,
 1449.000000, 5216.400000, '2.31E+09', 1000000),
('ETH', 15.00, 1.2000, 0.005000, 0.018000, 'N/A', 500000),
('USDT', 15.00, 1.2000, 0.005000, 0.018000, 'N/A', 10000000),
('XRP', 1500.00, 0.0004, 0.000100, 0.000360, 'N/A', 2000000),
('BNB', 100.00, 0.1000, 0.010000, 0.036000, 'N/A', 5000000),
('USDC', 15.00, 1.2000, 0.005000, 0.018000, 'N/A', 8000000),
('SOL', 2000.00, 0.0003, 0.001000, 0.003600, 'N/A', 1500000),
('ADA', 250.00, 0.0500, 0.000500, 0.001800, 'N/A', 1000000),
('DOGE', 7.00, 0.5000, 100.000000, 360.000000, '1.67E+06', 500000),
('TRX', 2000.00, 0.0010, 0.001000, 0.003600, 'N/A', 1200000),
('AVAX', 4500.00, 0.0200, 0.001000, 0.003600, 'N/A', 800000),
('SHIB', 15.00, 1.2000, 0.005000, 0.018000, 'N/A', 1000000),
('DOT', 1000.00, 0.0100, 0.001000, 0.003600, 'N/A', 700000),
('LINK', 15.00, 1.2000, 0.005000, 0.018000, 'N/A', 600000),
('BCH', 7.00, 0.0500, 200.000000, 720.000000, '1.43E+07', 300000),
('DAI', 15.00, 1.2000, 0.005000, 0.018000, 'N/A', 500000),
('LTC', 7.00, 0.0400, 50.000000, 180.000000, '4.29E+06', 400000),
('NEAR', 4000.00, 0.0010, 0.001000, 0.003600, 'N/A', 600000),
('MATIC', 65.00, 0.0200, 0.005000, 0.018000, 'N/A', 800000),
('ICP', 11000.00, 0.0001, 0.001000, 0.003600, 'N/A', 500000),
('FET', 1000.00, 0.0100, 0.001000, 0.003600, 'N/A', 400000),
('XLM', 1000.00, 0.0000, 0.000100, 0.000360, 'N/A', 1000000),
('ETC', 7.00, 0.1000, 150.000000, 540.000000, '6.43E+06', 200000),
('ATOM', 10000.00, 0.0100, 0.001000, 0.003600, 'N/A', 500000),
('FIL', 3000.00, 0.0100, 0.001000, 0.003600, 'N/A', 400000),
('ARB', 40.00, 0.0500, 0.005000, 0.018000, 'N/A', 600000),
('CRO', 300.00, 0.0100, 0.001000, 0.003600, 'N/A', 500000),
('HBAR', 10000.00, 0.0001, 0.000100, 0.000360, 'N/A', 400000),
('FTM', 300.00, 0.0010, 0.001000, 0.003600, 'N/A', 500000),
('GRT', 15.00, 1.2000, 0.005000, 0.018000, 'N/A', 400000),
('ALGO', 6000.00, 0.0010, 0.000500, 0.001800, 'N/A', 500000),
('VET', 10000.00, 0.0100, 0.001000, 0.003600, 'N/A', 400000),
('XTZ', 40.00, 0.0100, 0.001000, 0.003600, 'N/A', 300000),
('SAND', 15.00, 1.2000, 0.005000, 0.018000, 'N/A', 400000),
('MANA', 15.00, 1.2000, 0.005000, 0.018000, 'N/A', 300000),
('AXS', 15.00, 1.2000, 0.005000, 0.018000, 'N/A', 500000),
('AAVE', 15.00, 1.2000, 0.005000, 0.018000, 'N/A', 400000),
('XMR', 7.00, 0.0500, 80.000000, 288.000000, '1.07E+06', 200000),
('KSM', 1000.00, 0.0100, 0.001000, 0.003600, 'N/A', 200000),
('ZEC', 7.00, 0.0500, 100.000000, 360.000000, '1.43E+06', 200000),
('CHZ', 100.00, 0.0100, 0.001000, 0.003600, 'N/A', 300000),
('HNT', 2000.00, 0.0010, 0.001000, 0.003600, 'N/A', 300000),
('OP', 40.00, 0.0500, 0.005000, 0.018000, 'N/A', 400000),
('MKR', 15.00, 1.2000, 0.005000, 0.018000, 'N/A', 300000),
('INJ', 10000.00, 0.0100, 0.001000, 0.003600, 'N/A', 300000),
('IMX', 9000.00, 0.0100, 0.005000, 0.018000, 'N/A', 300000),
('APT', 10000.00, 0.0100, 0.001000, 0.003600, 'N/A', 200000),
('SEI', 12000.00, 0.0100, 0.001000, 0.003600, 'N/A', 200000),
('LDO', 15.00, 1.2000, 0.005000, 0.018000, 'N/A', 300000),
('ONDO', 15.00, 1.2000, 0.005000, 0.018000, 'N/A', 200000);

-- CRYPTO_PERFORMANCE_METRICS_START

-- TOTAL_USER_DISTRIBUTION DATA START
INSERT INTO TOTAL_USER_DISTRIBUTION (YEAR, ASIA_USER, NORTH_AMERICA_USER, AMERICA_USER, AFRICA_USER, EUROPE_USER, OCEANIA_USER,TOTAL_MARKET_CAP) VALUES
(2009, 0.001, 0.002, 0.003, 0.0001, 0.001, 0.0001, 0.00001),
(2010, 0.005, 0.005, 0.010, 0.0005, 0.003, 0.0005, 0.0003),
(2011, 0.020, 0.010, 0.030, 0.001, 0.010, 0.001, 0.04),
(2012, 0.050, 0.030, 0.080, 0.002, 0.020, 0.002, 0.13),
(2013, 0.200, 0.100, 0.300, 0.010, 0.080, 0.010, 1.5),
(2014, 0.500, 0.300, 0.800, 0.020, 0.200, 0.020, 5),
(2015, 1.000, 0.500, 1.500, 0.050, 0.400, 0.050, 7),
(2016, 3.000, 1.500, 4.500, 0.100, 2.500, 0.100, 17),
(2017, 10.000, 5.000, 15.000, 0.500, 5.000, 0.300, 600),
(2018, 15.000, 8.000, 23.000, 1.000, 7.000, 0.500, 120),
(2019, 25.000, 12.000, 37.000, 2.000, 10.000, 0.800, 250),
(2020, 50.000, 20.000, 70.000, 5.000, 15.000, 1.000, 1000),
(2021, 100.000, 30.000, 130.000, 10.000, 20.000, 1.500, 2900),
(2022, 150.000, 40.000, 180.000, 20.000, 25.000, 2.000, 1000),
(2023, 200.000, 50.000, 230.000, 30.000, 28.000, 3.000, 1750),
(2024, 263.000, 57.000, 186.600, 38.000, 31.000, 5.000, 3800),
(2025, 265.100, 65.700, 186.600, 53.900, 35.000, 5.000, 2970);
-- TOTAL_USER_DISTRIBUTION DATA END

-- MARKET_DOMINANCE DATA START
-- 2009: BITCOIN GENESIS BLOCK
INSERT INTO MARKET_DOMINANCE VALUES
(2009,'BTC',0.100000000000000,0.000100000000000000000000000000000,'2009-10-05','2009-01-03',
100000,100.00,0.0001,0.0001,0.0001);

-- 2010: EARLY MINING ERA
INSERT INTO MARKET_DOMINANCE VALUES
(2010,'BTC',0.500000000000000,0.100000000000000000000000000000,'2010-07-17','2010-01-01',
1000000,100.00,0.012,0.005,0.008);

-- 2011: FIRST ALTCOIN (LITECOIN)
INSERT INTO MARKET_DOMINANCE VALUES
(2011,'BTC',31.900000000000000,0.300000000000000000000000000000,'2011-06-08','2011-01-01',
50000000,98.04,2.5,0.3,0.36),
(2011,'LTC',0.050000000000000,0.010000000000000000000000000000,'2011-10-07','2011-10-07',
500000,0.98,0.01,0.005,0.006);

-- 2012: MARKET INFRASTRUCTURE DEVELOPMENT
INSERT INTO MARKET_DOMINANCE VALUES
(2012,'BTC',13.700000000000000,4.200000000000000000000000000000,'2012-04-01','2012-06-01',
100000000,95.24,5.2,1.1,1.32),
(2012,'LTC',0.100000000000000,0.020000000000000000000000000000,'2012-12-31','2012-01-01',
2000000,1.90,0.15,0.08,0.096);

-- 2013: FIRST RETAIL BOOM
INSERT INTO MARKET_DOMINANCE VALUES
(2013,'BTC',1157.000000000000000,13.300000000000000000000000000000,'2013-12-04','2013-01-01',
14000000000,93.33,12.8,3.5,4.2),
(2013,'XRP',0.060000000000000,0.005800000000000000000000000000,'2013-12-31','2013-01-01',
2000000000,1.33,1.2,0.4,0.48),
(2013,'LTC',31.500000000000000,1.400000000000000000000000000000,'2013-11-28','2013-01-01',
1000000000,0.67,0.8,0.25,0.3);

-- 2014: POST-MTGOX RECOVERY
INSERT INTO MARKET_DOMINANCE VALUES
(2014,'BTC',1000.000000000000000,300.000000000000000000000000000000,'2014-01-01','2014-12-31',
5130000000,85.50,18.3,4.8,5.76),
(2014,'XRP',0.024000000000000,0.002800000000000000000000000000,'2014-12-31','2014-01-01',
346220000,5.77,2.1,0.7,0.84),
(2014,'LTC',24.000000000000000,2.000000000000000000000000000000,'2014-01-01','2014-12-31',
122630000,2.04,1.1,0.3,0.36),
(2014,'DOGE',0.000400000000000,0.000100000000000000000000000000000,'2014-01-01','2014-12-31',
5000000,0.08,0.15,0.05,0.06);

-- 2015: ETHEREUM LAUNCH
INSERT INTO MARKET_DOMINANCE VALUES
(2015,'BTC',500.000000000000000,200.000000000000000000000000000000,'2015-01-01','2015-12-31',
7000000000,87.50,23.4,5.6,6.72),
(2015,'ETH',1.300000000000000,0.400000000000000000000000000000,'2015-08-07','2015-12-31',
65980000,0.82,0.8,0.2,0.24),
(2015,'XRP',0.014000000000000,0.003800000000000000000000000000,'2015-12-31','2015-01-01',
100000000,1.25,1.5,0.5,0.6),
(2015,'LTC',8.000000000000000,1.200000000000000000000000000000,'2015-07-09','2015-01-01',
150000000,1.88,0.9,0.25,0.3),
(2015,'DOGE',0.000200000000000,0.000100000000000000000000000000000,'2015-01-01','2015-12-31',
10000000,0.13,0.25,0.08,0.096);

-- 2016: DAO HACK & RECOVERY
INSERT INTO MARKET_DOMINANCE VALUES
(2016,'BTC',900.000000000000000,350.000000000000000000000000000000,'2016-12-31','2016-01-01',
14000000000,87.50,35.6,7.2,8.64),
(2016,'ETH',21.500000000000000,1.000000000000000000000000000000,'2016-06-16','2016-01-01',
7200000000,45.00,4.8,1.5,1.8),
(2016,'XRP',0.008900000000000,0.004400000000000000000000000000,'2016-12-31','2016-01-01',
1960000000,12.25,3.2,0.9,1.08),
(2016,'LTC',6.000000000000000,3.000000000000000000000000000000,'2016-06-16','2016-01-01',
200000000,1.25,1.1,0.3,0.36),
(2016,'XMR',2.500000000000000,0.500000000000000000000000000000,'2016-12-31','2016-01-01',
50000000,0.31,0.4,0.1,0.12);

-- ... [CONTINUED THROUGH 2025 FOLLOWING SAME PATTERN]

-- 2025: MATURE MARKET PROJECTIONS
INSERT INTO MARKET_DOMINANCE VALUES
(2025,'BTC',97973.340000000000000,60000.000000000000000000000000000000,'2025-02-05','2025-01-01',
1940000000000,55.43,450.2,350.5,420.6),
(2025,'ETH',2800.000000000000000,2000.000000000000000000000000000000,'2025-02-05','2025-01-01',
327400000000,9.35,890.7,220.3,264.4),
(2025,'SOL',200.000000000000000,100.000000000000000000000000000000,'2025-02-05','2025-01-01',
90000000000,2.57,680.4,95.2,114.2),
(2025,'XRP',2.500000000000000,1.500000000000000000000000000000,'2025-02-05','2025-01-01',
144200000000,4.12,320.5,85.3,102.4),
(2025,'USDT',1.010000000000000,0.990000000000000000000000000000,'2025-01-01','2025-01-01',
140400000000,4.01,2450.8,180.5,216.6);
-- MARKET_DOMINANCE DATA END

INSERT INTO BLOCK_REWARD_EMISSION_TYPE (TYPE) VALUES ('HALVING'),('TAIL EMISSION'),('LINEAR EMISSION'); -- PLEASE INSERT THIS
-- REWARD_DETAILS DATA START
INSERT INTO REWARD_DETAILS (
    SYMBOL, EMISSION_TYPE, EMISSION_TIME,
    STARTING_TIME_BLOCK_REWARD, CURRENT_BLOCK_REWARD, BLOCK_REWARD_TIME
) VALUES
-- HALVING-BASED EMISSION (POW)
('BTC', 'HALVING', 35040, 50.00000, 6.25000, 10.000000000000000000000000000000), -- BITCOIN (4-YEAR HALVING)
('BCH', 'HALVING', 35040, 12.50000, 6.25000, 10.000000000000000000000000000000), -- BITCOIN CASH
('LTC', 'HALVING', 35040, 50.00000, 12.50000, 2.500000000000000000000000000000), -- LITECOIN (2.5MIN BLOCKS)
('ZEC', 'HALVING', 35040, 12.50000, 3.12500, 2.500000000000000000000000000000), -- ZCASH
('ETC', 'HALVING', 35040, 5.00000, 2.56000, 13.000000000000000000000000000000), -- ETHEREUM CLASSIC

-- TAIL EMISSION (FIXED POST-HALVING)
('XMR', 'TAIL EMISSION', 71112, 15.00000, 0.60000, 2.000000000000000000000000000000), -- MONERO (TAIL SINCE 2022)
('DOGE', 'TAIL EMISSION', 17520, 1000000.00000, 10000.00000, 1.000000000000000000000000000000), -- DOGECOIN (FIXED SINCE 2015)

-- LINEAR EMISSION (POS/GOVERNANCE)
('ETH', 'LINEAR EMISSION', 87600, 2.00000, 0.56000, 0.200000000000000000000000000000), -- ETHEREUM (POS ~12S BLOCKS)
('BNB', 'LINEAR EMISSION', 0, 10.00000, 3.10000, 0.333000000000000000000000000000), -- BNB CHAIN (POSA)
('ADA', 'LINEAR EMISSION', 262800, 20.00000, 4.60000, 0.333000000000000000000000000000), -- CARDANO (~20S EPOCHS)
('SOL', 'LINEAR EMISSION', 87600, 10.00000, 2.50000, 0.006700000000000000000000000000), -- SOLANA (400MS BLOCKS)
('DOT', 'LINEAR EMISSION', 262800, 20.00000, 5.00000, 6.000000000000000000000000000000), -- POLKADOT

-- STABLECOINS/NON-EMISSION TOKENS (PLACEHOLDER VALUES)
('USDT', 'TAIL EMISSION', 0, 0.00000, 0.00000, 0.000000000000000000000000000000), -- TETHER
('USDC', 'TAIL EMISSION', 0, 0.00000, 0.00000, 0.000000000000000000000000000000), -- USD COIN
('DAI', 'TAIL EMISSION', 0, 0.00000, 0.00000, 0.000000000000000000000000000000), -- DAI
('XRP', 'TAIL EMISSION', 0, 0.00000, 0.00000, 3.500000000000000000000000000000), -- XRP (PRE-MINED)

-- OTHER CHAINS (ASSUMED LINEAR/TAIL)
('AVAX', 'LINEAR EMISSION', 87600, 5.00000, 2.00000, 2.000000000000000000000000000000), -- AVALANCHE
('TRX', 'LINEAR EMISSION', 0, 32.00000, 16.00000, 3.000000000000000000000000000000), -- TRON
('SHIB', 'TAIL EMISSION', 0, 0.00000, 0.00000, 0.000000000000000000000000000000), -- SHIBA INU (ERC-20)
('MATIC', 'LINEAR EMISSION', 0, 5.00000, 2.00000, 2.100000000000000000000000000000), -- POLYGON
('LINK', 'LINEAR EMISSION', 0, 10.00000, 5.00000, 0.300000000000000000000000000000); -- CHAINLINK

-- ... (CONTINUE FOR REMAINING 25 ENTRIES WITH SIMILAR LOGIC)

-- CONTINUED FROM PREVIOUS 25 ENTRIES...
INSERT INTO REWARD_DETAILS (SYMBOL, EMISSION_TYPE, EMISSION_TIME, STARTING_TIME_BLOCK_REWARD, CURRENT_BLOCK_REWARD, BLOCK_REWARD_TIME)  VALUES
('FTM', 'LINEAR EMISSION', 87600, 50.00000, 12.50000, 1.000000000000000000000000000000), -- FANTOM (LACHESIS ABFT)
('GRT', 'TAIL EMISSION', 0, 0.00000, 0.00000, 0.000000000000000000000000000000),         -- THE GRAPH (ERC-20, NO BLOCK REWARDS)
('ALGO', 'LINEAR EMISSION', 262800, 10.00000, 2.50000, 4.500000000000000000000000000000), -- ALGORAND (PURE POS)
('VET', 'LINEAR EMISSION', 0, 100.00000, 50.00000, 10.000000000000000000000000000000),    -- VECHAIN (POA)
('XTZ', 'LINEAR EMISSION', 87600, 40.00000, 10.00000, 1.000000000000000000000000000000),  -- TEZOS (LIQUID POS)
('SAND', 'TAIL EMISSION', 0, 0.00000, 0.00000, 0.000000000000000000000000000000),         -- THE SANDBOX (ERC-20)
('MANA', 'TAIL EMISSION', 0, 0.00000, 0.00000, 0.000000000000000000000000000000),         -- DECENTRALAND (ERC-20)
('AXS', 'LINEAR EMISSION', 262800, 20.00000, 5.00000, 0.500000000000000000000000000000),  -- AXIE INFINITY (RONIN SIDECHAIN)
('AAVE', 'TAIL EMISSION', 0, 0.00000, 0.00000, 0.000000000000000000000000000000),         -- AAVE (GOVERNANCE TOKEN)
('KSM', 'HALVING', 35040, 10.00000, 2.50000, 6.000000000000000000000000000000),           -- KUSAMA (POLKADOT COUSIN)
('CHZ', 'LINEAR EMISSION', 0, 1000.00000, 200.00000, 5.000000000000000000000000000000),   -- CHILIZ (POA)
('HNT', 'TAIL EMISSION', 0, 0.00000, 0.00000, 0.000000000000000000000000000000),          -- HELIUM (MIGRATED TO SOLANA)
('OP', 'TAIL EMISSION', 0, 0.00000, 0.00000, 0.000000000000000000000000000000),           -- OPTIMISM (LAYER-2 GOVERNANCE)
('MKR', 'TAIL EMISSION', 0, 0.00000, 0.00000, 0.000000000000000000000000000000),          -- MAKERDAO (GOVERNANCE TOKEN)
('INJ', 'LINEAR EMISSION', 262800, 20.00000, 5.00000, 1.000000000000000000000000000000),  -- INJECTIVE (TENDERMINT BFT)
('IMX', 'TAIL EMISSION', 0, 0.00000, 0.00000, 0.000000000000000000000000000000),          -- IMMUTABLE X (ZKEVM LAYER-2)
('APT', 'LINEAR EMISSION', 87600, 10.00000, 3.00000, 0.500000000000000000000000000000),   -- APTOS (POS)
('SEI', 'LINEAR EMISSION', 262800, 15.00000, 4.00000, 0.300000000000000000000000000000),  -- SEI (TENDERMINT BFT)
('LDO', 'TAIL EMISSION', 0, 0.00000, 0.00000, 0.000000000000000000000000000000),          -- LIDO DAO (GOVERNANCE TOKEN)
('ONDO', 'TAIL EMISSION', 0, 0.00000, 0.00000, 0.000000000000000000000000000000),         -- ONDO (RWA TOKENIZATION)
('FET', 'LINEAR EMISSION', 87600, 5.00000, 1.50000, 0.200000000000000000000000000000),    -- FETCH.AI (AI POS)
('HBAR', 'TAIL EMISSION', 0, 0.00000, 0.00000, 0.000000000000000000000000000000),         -- HEDERA (FIXED SUPPLY)
('CRO', 'LINEAR EMISSION', 0, 20.00000, 5.00000, 5.000000000000000000000000000000),       -- CRONOS (POS)
('ARB', 'TAIL EMISSION', 0, 0.00000, 0.00000, 0.000000000000000000000000000000),          -- ARBITRUM (LAYER-2)
('FIL', 'LINEAR EMISSION', 262800, 15.00000, 5.00000, 0.500000000000000000000000000000);  -- FILECOIN (STORAGE-BASED)
-- REWARD_DETAILS DATA END

INSERT INTO BLOCK_REWARD_EMISSION (SYMBOL, YEAR, DATE, BLOCK_REWARD, HALVING_YEAR_MARKET_PRICE, HALVING_YEAR_MARKET_CAP, NETWORK_HASH_RATE) VALUES
('BTC', 2012, '2012-11-28', 25.00000000, 13.00, 136.5, 0.0000028),
('BTC', 2016, '2016-07-09', 12.50000000, 650.00, 10237.5, 2.5),
('BTC', 2020, '2020-05-11', 6.25, 8700.00, 160280.0, 110.0),
('BTC', 2024, '2024-04-20', 3.125, 64000.00, 1256000.0, 560.0),
('LTC', 2015, '2015-08-25', 25.00000000, 2.57, 107.94, 0.000000015),
('LTC', 2019, '2019-08-05', 12.50000000, 80.70, 5084.1, 0.00035),
('LTC', 2023, '2023-08-02', 6.25, 75.00, 5512.5, 0.085);

INSERT INTO BLOCK_REWARD_EMISSION (SYMBOL, YEAR, DATE, BLOCK_REWARD, HALVING_YEAR_MARKET_PRICE, HALVING_YEAR_MARKET_CAP, NETWORK_HASH_RATE) VALUES
('BCH', 2020, '2020-04-08', 6.25, 240.00, 4380000000.00, 1500000000000000000.00),
('BCH', 2024, '2024-04-04', 3.125, 370.93, 7178000000.00, 3500000000000000000.00),
('XMR', 2022, '2022-05-31', 0.6, 226.00, 3899500000.00, 2500000000.00);


INSERT INTO HFT_AMF_FIRMS (COMPANY_NAME, HEAD_QUARTER, ESTABLISHED_YEAR, WORK_TYPE, FAMOUS_FOR) VALUES
('BLACKROCK', 'NEW YORK, USA', 1988, 'ASSET MANAGEMENT', 'LARGEST ASSET MANAGER GLOBALLY; ISHARES ETF'),

('FIDELITY', 'BOSTON, USA', 1946, 'ASSET MANAGEMENT', 'EARLY INSTITUTIONAL CRYPTO ADOPTER; FIDELITY DIGITAL ASSETS'),

('GRAYSCALE', 'STAMFORD, USA', 2013, 'DIGITAL ASSET MANAGEMENT', 'GRAYSCALE BITCOIN TRUST (GBTC); CRYPTO INVESTMENT PIONEER'),

('PROSHARES', 'BETHESDA, USA', 2006, 'ETF PROVIDER', 'LAUNCHED FIRST U.S. BITCOIN FUTURES ETF (BITO)'),

('VANECK', 'NEW YORK, USA', 1955, 'ASSET & ETF MANAGEMENT', 'CRYPTO & GOLD ETFS; XBTF FUTURES ETF'),

('ARK INVEST', 'ST. PETERSBURG, USA', 2014, 'ACTIVE ASSET MANAGEMENT', 'DISRUPTIVE INNOVATION; CATHIE WOOD-LED CRYPTO INVESTMENTS'),

('21SHARES', 'ZURICH, SWITZERLAND', 2018, 'CRYPTO ETP PROVIDER', 'WORLD’S FIRST CRYPTO ETPS LISTED IN EUROPE'),

('FRANKLIN TEMPLETON', 'SAN MATEO, USA', 1947, 'ASSET MANAGEMENT', 'ENTERED CRYPTO ETF SPACE IN 2024'),

('BITWISE', 'SAN FRANCISCO, USA', 2017, 'CRYPTO ASSET MANAGEMENT', 'INDEX-BASED CRYPTO FUNDS; SPOT BITCOIN ETF (BITB)'),

('VIRTU FINANCIAL', 'NEW YORK, USA', 2008, 'HIGH-FREQUENCY TRADING (HFT)', 'GLOBAL MARKET MAKER; ALGORITHMIC TRADING'),

('JANE STREET', 'NEW YORK, USA', 2000, 'HIGH-FREQUENCY TRADING (HFT)', 'MAJOR ETF LIQUIDITY PROVIDER; ACTIVE IN CRYPTO MARKET'),

('JUMP TRADING', 'CHICAGO, USA', 1999, 'PROPRIETARY TRADING & HFT', 'DEEP IN CRYPTO MARKET MAKING; JUMP CRYPTO');



INSERT INTO CRYPTO_ETF
(ETF_NAME, ETF_CODE, COMPANY_NAME, LAUNCH_DATE, YEAR, TOTAL_AUM_UNDER_ETF, CRYPTO_SYMBOL, ETF_INVESTMENT_TYPE, EXPENSE_RATIO)
VALUES
('ISHARES BITCOIN TRUST', 'IBIT', 'BLACKROCK', '2024-01-11', 2024, 56.70000000000000000000, 'BTC', 'SPOT', 0.12000),

('FIDELITY WISE ORIGIN BITCOIN FUND', 'FBTC', 'FIDELITY', '2024-01-11', 2024, 18.90000000000000000000, 'BTC', 'SPOT', 0.25000),

('GRAYSCALE BITCOIN TRUST ETF', 'GBTC', 'GRAYSCALE', '2024-01-11', 2024, 18.10000000000000000000, 'BTC', 'SPOT (CONVERTED)', 1.50000),

('PROSHARES BITCOIN STRATEGY ETF', 'BITO', 'PROSHARES', '2021-10-19', 2021, 1.70000000000000000000, 'BTC', 'FUTURES', 0.95000),

('VANECK BITCOIN STRATEGY ETF', 'XBTF', 'VANECK', '2021-11-15', 2021, 0.70000000000000000000, 'BTC', 'FUTURES', 0.65000);


INSERT INTO BROKERAGE (NAME, HEADQUARTER, ESTABLISHED_YEAR, OWN_CRYPTO_CURRENCY, FOUNDER_NAME) VALUES
('COINBASE', 'SAN FRANCISCO, CA, USA', 2012, NULL, 'BRIAN ARMSTRONG'),
('ROBINHOOD', 'MENLO PARK, CA, USA', 2013, NULL, 'VLAD TENEV, BAIJU BHATT'),
('BINANCE', 'GEORGE TOWN, CAYMAN ISLANDS', 2017, 'BNB', 'CHANGPENG ZHAO'),
('KRAKEN', 'SAN FRANCISCO, CA, USA', 2011, NULL, 'JESSE POWELL'),
('CRYPTO.COM', 'SINGAPORE', 2016, 'CRO', 'KRIS MARSZALEK'),
('BITGET', 'VICTORIA, SEYCHELLES', 2018, 'BGB', 'SANDRA LOU'),
('BITMART', 'NEW YORK, NY, USA', 2017, 'BMX', 'SHELDON XIA'),
('GEMINI', 'NEW YORK, NY, USA', 2014, NULL, 'CAMERON WINKLEVOSS, TYLER WINKLEVOSS'),
('BITFINEX', 'HONG KONG', 2012, 'LEO', 'GIANCARLO DEVASINI'),
('BITSTAMP', 'LUXEMBOURG CITY, LUXEMBOURG', 2011, NULL, 'NEJC KODRIČ, DAMIJAN MERLAK'),
('KUCOIN', 'VICTORIA, SEYCHELLES', 2017, 'KCS', 'JOHNNY LYU'),
('OKX', 'VICTORIA, SEYCHELLES', 2017, 'OKB', 'STAR XU'),
('BYBIT', 'DUBAI, UAE', 2018, 'BIT', 'BEN ZHOU'),
('GATE.IO', 'GEORGE TOWN, CAYMAN ISLANDS', 2013, 'GT', 'LIN HAN'),
('UPHOLD', 'NEW YORK, NY, USA', 2015, NULL, 'J.P. THIERIOT'),
('ETORO', 'TEL AVIV, ISRAEL', 2007, NULL, 'YONI ASSIA'),
('AVATRADE', 'DUBLIN, IRELAND', 2006, NULL, 'EMANUEL KRONITZ'),
('CAPITAL.COM', 'LIMASSOL, CYPRUS', 2016, NULL, 'VIKTOR PROKOPENYA'),
('INTERACTIVE BROKERS', 'GREENWICH, CT, USA', 1977, NULL, 'THOMAS PETERFFY'),
('TASTYTRADE', 'CHICAGO, IL, USA', 2017, NULL, 'TOM SOSNOFF');

INSERT INTO BROKERAGE (NAME, HEADQUARTER, ESTABLISHED_YEAR, OWN_CRYPTO_CURRENCY, FOUNDER_NAME)
VALUES ('MT. GOX','SHIBUYA, TOKYO, JAPAN',2010,NULL,'JED MCCALEB');

INSERT INTO BROKERAGE (NAME, HEADQUARTER, ESTABLISHED_YEAR, OWN_CRYPTO_CURRENCY, FOUNDER_NAME)
VALUES
('WAZIRX', 'MUMBAI, INDIA', 2018, 'WRX', 'NISCHAL SHETTY'),
('NICEHASH', 'LJUBLJANA, SLOVENIA', 2014, NULL, 'MATJAŽ ŠKORJANC, MARKO KOBAL'),
('FTX', 'NASSAU, BAHAMAS', 2019, 'FTT', 'SAM BANKMAN-FRIED');


INSERT INTO TOP_BROKERAGE (YEAR, BROKERAGE_NAME, TOTAL_MARKET_CAP, MARKET_SHARE, TOTAL_USER) VALUES
(2011, 'MT. GOX', 0.00000, 70.00000, 0.01000),
(2012, 'MT. GOX', 0.00000, 80.00000, 0.05000),
(2012, 'BITSTAMP', 0.00000, 10.00000, 0.01000),
(2013, 'MT. GOX', 0.00000, 60.00000, 0.10000),
(2013, 'BITSTAMP', 0.00000, 15.00000, 0.02000),
(2013, 'COINBASE', 0.00000, 5.00000, 0.10000),
(2014, 'BITSTAMP', 0.00000, 20.00000, 0.20000),
(2014, 'COINBASE', 0.00000, 10.00000, 0.50000),
(2014, 'KRAKEN', 0.00000, 5.00000, 0.10000),
(2014, 'BITFINEX', 0.00000, 5.00000, 0.05000),
(2015, 'COINBASE', 0.40000, 15.00000, 1.00000),
(2015, 'BITSTAMP', 0.00000, 10.00000, 0.30000),
(2015, 'KRAKEN', 0.00000, 5.00000, 0.20000),
(2015, 'BITFINEX', 0.00000, 5.00000, 0.10000),
(2016, 'COINBASE', 1.00000, 20.00000, 2.00000),
(2016, 'BITFINEX', 0.00000, 15.00000, 0.50000),
(2016, 'KRAKEN', 0.00000, 5.00000, 0.30000),
(2016, 'BITSTAMP', 0.00000, 5.00000, 0.20000),
(2017, 'COINBASE', 1.60000, 25.00000, 10.00000),
(2017, 'BINANCE', 0.00000, 20.00000, 5.00000),
(2017, 'BITFINEX', 0.00000, 10.00000, 1.00000),
(2017, 'KRAKEN', 0.00000, 5.00000, 0.50000),
(2017, 'BITSTAMP', 0.00000, 5.00000, 0.30000),
(2018, 'COINBASE', 8.00000, 20.00000, 13.00000),
(2018, 'BINANCE', 0.00000, 30.00000, 10.00000),
(2018, 'ROBINHOOD', 7.00000, 5.00000, 15.00000),
(2018, 'KRAKEN', 0.00000, 5.00000, 1.00000),
(2018, 'BITFINEX', 0.00000, 5.00000, 0.50000),
(2019, 'COINBASE', 8.00000, 20.00000, 15.00000),
(2019, 'BINANCE', 0.00000, 35.00000, 15.00000),
(2019, 'ROBINHOOD', 8.00000, 5.00000, 18.00000),
(2019, 'KRAKEN', 0.00000, 5.00000, 2.00000),
(2019, 'GEMINI', 0.00000, 3.00000, 0.50000),
(2020, 'COINBASE', 8.00000, 20.00000, 35.00000),
(2020, 'BINANCE', 0.00000, 35.00000, 20.00000),
(2020, 'ROBINHOOD', 11.00000, 5.00000, 20.00000),
(2020, 'KRAKEN', 0.00000, 5.00000, 3.00000),
(2020, 'GEMINI', 0.00000, 3.00000, 1.00000),
(2021, 'COINBASE', 60.00000, 15.00000, 73.00000),
(2021, 'ROBINHOOD', 30.00000, 5.00000, 23.00000),
(2021, 'BINANCE', 0.00000, 34.70000, 30.00000),
(2021, 'KRAKEN', 0.00000, 5.00000, 6.00000),
(2021, 'GEMINI', 0.00000, 3.00000, 2.00000),
(2022, 'COINBASE', 20.00000, 10.00000, 108.00000),
(2022, 'ROBINHOOD', 10.00000, 3.00000, 24.00000),
(2022, 'BINANCE', 0.00000, 35.00000, 35.00000),
(2022, 'KRAKEN', 0.00000, 5.00000, 8.00000),
(2022, 'CRYPTO.COM', 0.00000, 10.00000, 10.00000),
(2023, 'COINBASE', 35.00000, 10.00000, 110.00000),
(2023, 'ROBINHOOD', 12.00000, 3.00000, 25.00000),
(2023, 'BINANCE', 0.00000, 34.70000, 40.00000),
(2023, 'KRAKEN', 0.00000, 5.00000, 9.00000),
(2023, 'CRYPTO.COM', 0.00000, 11.20000, 12.00000),
(2024, 'COINBASE', 50.00000, 10.00000, 112.00000),
(2024, 'ROBINHOOD', 15.00000, 3.00000, 25.60000),
(2024, 'BINANCE', 0.00000, 34.70000, 45.00000),
(2024, 'CRYPTO.COM', 0.00000, 11.20000, 15.00000),
(2024, 'KRAKEN', 0.00000, 5.00000, 10.00000),
(2025, 'COINBASE', 71.20000, 10.00000, 115.00000),
(2025, 'ROBINHOOD', 20.00000, 3.00000, 26.00000),
(2025, 'BINANCE', 0.00000, 34.70000, 50.00000),
(2025, 'CRYPTO.COM', 0.00000, 11.20000, 15.00000),
(2025, 'KRAKEN', 0.00000, 5.00000, 10.00000);


INSERT INTO CONTROVERSY (YEAR, BROKERAGE_NAME, AFFECTED_CRYPTO, AFFECTED_AMOUNT_IN_BILLION, CONTROVERSY_DETAIL) VALUES
(2015, 'BITSTAMP', 'BTC', 0.005, 'HACKED, LOST ~19,000 BTC. SUSPENDED OPERATIONS FOR DAYS DUE TO PHISHING ATTACK TARGETING EMPLOYEES.'),
(2017, 'NICEHASH', 'BTC', 0.064, 'HACKED, LOST 4,700 BTC FROM HOT WALLET; REPAID USERS BY 2020.'),
(2020, 'KUCOIN', 'BTC', 0.281, 'HACKED, LOST $281M IN CRYPTO. RECOVERED MOST FUNDS BUT RAISED SECURITY CONCERNS.'),
(2021, 'ROBINHOOD', 'DOGE', NULL, 'RESTRICTED CRYPTO/STOCK TRADES (E.G., DOGECOIN, GAMESTOP) DUE TO CLEARINGHOUSE ISSUES, SPARKING MANIPULATION CLAIMS.'),
(2022, 'COINBASE', 'ETH', NULL, 'SUPER BOWL AD QR CODE CRASHED SITE, OVERWHELMING SERVERS WITH TRAFFIC.'),
(2022, 'FTX', 'SOL', 8.000, 'COLLAPSED AFTER $8B FRAUD; ALAMEDA MISUSED CUSTOMER FUNDS, TRIGGERING $6B WITHDRAWALS.'),
(2023, 'COINBASE', 'BTC', NULL, 'SEC SUED FOR UNREGISTERED SECURITIES EXCHANGE, TARGETING TOKENS LIKE ADA, SOL.'),
(2023, 'BINANCE', 'BNB', NULL, 'SEC SUED FOR UNREGISTERED EXCHANGE, OFFERING BNB, BUSD AS SECURITIES.'),
(2023, 'KRAKEN', 'BTC', NULL, 'SEC ALLEGED UNREGISTERED EXCHANGE OPERATIONS, TARGETING STAKING SERVICES.'),
(2023, 'BYBIT', 'BTC', 0.00106, 'INDIA FIU FINED $1.06M FOR PMLA VIOLATIONS; BYBIT PAID AND REGISTERED IN 2025.'),
(2023, 'BYBIT', 'SOL', 0.228, 'FTX SUED BYBIT FOR $1B OVER PRIORITIZED WITHDRAWALS; SETTLED FOR $228M IN 2024.'),
(2023, 'FTX', 'SOL', 8.000, 'SBF CONVICTED OF FRAUD, CONSPIRACY; SENTENCED TO 25 YEARS FOR $8B THEFT.'),
(2024, 'CRYPTO.COM', 'BTC', NULL, 'SUED SEC AFTER WELLS NOTICE, CHALLENGING JURISDICTION OVER TOKEN SALES.'),
(2024, 'ETORO', 'BTC', NULL, 'SETTLED WITH SEC, CEASED MOST U.S. CRYPTO TRADING FOR UNREGISTERED BROKER VIOLATIONS.'),
(2024, 'INTERACTIVE BROKERS', 'BTC', 0.048, '$48M LOSS FROM NYSE GLITCH AFFECTING TRADES, EXPOSING PLATFORM VULNERABILITIES.'),
(2024, 'WAZIRX', 'ETH', 0.2349, 'HACKED, LOST $234.9M TO LAZARUS GROUP VIA MULTISIG WALLET; HALTED TRADING.'),
(2024, 'WAZIRX', 'ETH', NULL, 'USER POLL FOR 55% FUND ACCESS SPARKED BACKLASH AS UNFAIR SOCIALIZED LOSS.'),
(2025, 'BYBIT', 'ETH', 1.5, 'HACKED, LOST $1.5B WORTH OF ETH TO LAZARUS GROUP VIA SAFE{WALLET} FLAW; RESERVES REPLENISHED.'),
(2025, 'BYBIT', 'SOL', NULL, 'AIRDROP DELAYS FOR $PAWS, $NOT, $MAJOR TOKENS CAUSED USER COMPLAINTS.'),
(2025, 'FTX', 'BTC', 16.000, 'REPAID $16B TO CREDITORS USING 2022 PRICES, ANGERING BITCOIN/SOLANA HOLDERS.'),
(2025, 'WAZIRX', 'BTC', NULL, 'REGULATORY SCRUTINY; DELHI HC SOUGHT RBI PROBE AFTER $234.9M HACK.'),
(2025, 'NICEHASH', 'ETH', NULL, 'USERS REPORTED ETH TRANSFER DELAYS TO WAZIRX AND HIGH BTC WITHDRAWAL FEES.');



-- ACCEPTED_COUNTRYWISE_MOST_USED_CRYPTO DATA END
-- ACCEPTED COUNTRIES
INSERT INTO COUNTRY (COUNTRY_CODE, COUNTRY_NAME, CRYPTO_STATUS, EDUCATION_PERCENTAGE, UNEMPLOYMENT_RATE, GDP) VALUES
('USA', 'UNITED STATES', 'ACCEPTED', 99.0, 3.63, 27720.0000000000),
('DEU', 'GERMANY', 'ACCEPTED', 99.0, 7.62, 4530.0000000000),
('GBR', 'UNITED KINGDOM', 'ACCEPTED', 99.0, 4.06, 3380.0000000000),
('JPN', 'JAPAN', 'ACCEPTED', 99.0, 2.60, 4200.0000000000),
('CAN', 'CANADA', 'ACCEPTED', 99.0, 5.37, 2230.0000000000),
('CHE', 'SWITZERLAND', 'ACCEPTED', 99.0, 4.05, 824.0000000000),
('SGP', 'SINGAPORE', 'ACCEPTED', 97.0, 3.47, 466.0000000000),
('AUS', 'AUSTRALIA', 'ACCEPTED', 99.0, 3.67, 1700.0000000000),
('KOR', 'SOUTH KOREA', 'ACCEPTED', 99.0, 3.50, 1670.0000000000),
('PRT', 'PORTUGAL', 'ACCEPTED', 95.0, 6.49, 289.0000000000),
('SLV', 'EL SALVADOR', 'ACCEPTED', 86.0, 6.50, 32.4000000000),  -- ADDED MISSING DATA
('CZE', 'CZECH REPUBLIC', 'ACCEPTED', 95.0, 2.20, 290.0000000000);  -- ADDED MISSING DATA

-- RESTRICTED COUNTRIES
INSERT INTO COUNTRY (COUNTRY_CODE, COUNTRY_NAME, CRYPTO_STATUS, EDUCATION_PERCENTAGE, UNEMPLOYMENT_RATE, GDP) VALUES
('CHN', 'CHINA', 'RESTRICTED', 96.0, 5.50, 17790.0000000000),
('NGA', 'NIGERIA', 'RESTRICTED', 62.0, 9.80, 477.0000000000),
('BGD', 'BANGLADESH', 'RESTRICTED', 74.0, 5.06, 460.0000000000),
('DZA', 'ALGERIA', 'RESTRICTED', 81.0, 11.81, 206.0000000000),
('EGY', 'EGYPT', 'RESTRICTED', 71.0, 7.31, 387.0000000000),
('MAR', 'MOROCCO', 'RESTRICTED', 73.0, 11.50, 143.0000000000),
('BOL', 'BOLIVIA', 'RESTRICTED', 92.0, 4.80, 41.0000000000),
('NPL', 'NEPAL', 'RESTRICTED', 67.0, 4.40, 40.0000000000),
('PAK', 'PAKISTAN', 'RESTRICTED', 59.0, 5.50, 341.0000000000),
('IRQ', 'IRAQ', 'RESTRICTED', 50.0, 15.53, 264.0000000000),
('TUN', 'TUNISIA', 'RESTRICTED', 79.0, 15.20, 46.5000000000),  -- ADDED MISSING DATA
('QAT', 'QATAR', 'RESTRICTED', 97.0, 0.10, 220.0000000000),    -- ADDED MISSING DATA
('AFG', 'AFGHANISTAN', 'RESTRICTED', 43.0, 13.30, 14.6000000000); -- ADDED MISSING DATA

INSERT INTO COUNTRY (COUNTRY_CODE, COUNTRY_NAME, CRYPTO_STATUS, EDUCATION_PERCENTAGE, UNEMPLOYMENT_RATE, GDP) VALUES
('BTN', 'BHUTAN', 'RESTRICTED', 66.6, 5.0, 2.5000000000);
INSERT INTO COUNTRY (COUNTRY_CODE, COUNTRY_NAME, CRYPTO_STATUS, EDUCATION_PERCENTAGE, UNEMPLOYMENT_RATE, GDP) VALUES
('IND', 'INDIA', 'RESTRICTED', 77.7, 7.8, 3400.0000000000);
INSERT INTO COUNTRY (COUNTRY_CODE, COUNTRY_NAME, CRYPTO_STATUS, EDUCATION_PERCENTAGE, UNEMPLOYMENT_RATE, GDP) VALUES
('SVN', 'SLOVENIA', 'ACCEPTED', 98.5, 4.5, 68.0000000000)
,('SYC', 'SEYCHELLES', 'ACCEPTED', 95.5, 3.0, 2.0000000000),
 ('IRL', 'IRELAND', 'ACCEPTED', 99.0, 4.8, 589.0000000000),
 ('CYM', 'CAYMAN ISLANDS', 'ACCEPTED', 98.0, 3.3, 6.8000000000),
 ('HKG', 'HONG KONG', 'ACCEPTED', 94.0, 3.3, 368.0000000000),  -- SPECIAL ADMINISTRATIVE REGION OF CHINA
('LUX', 'LUXEMBOURG', 'ACCEPTED', 99.0, 4.8, 89.0000000000),   -- EU MEMBER WITH CRYPTO-FRIENDLY LAWS
('ARE', 'UNITED ARAB EMIRATES', 'ACCEPTED', 98.0, 3.4, 500.0000000000),  -- DUBAI'S VARA REGULATIONS
('CYP', 'CYPRUS', 'ACCEPTED', 97.5, 6.8, 28.0000000000),       -- EU MEMBER WITH CRYPTO TAX INCENTIVES
-- ('SGP', 'SINGAPORE', 'ACCEPTED', 97.0, 2.1, 466.0000000000),   -- MAS-REGULATED FRAMEWORK
('ISR', 'ISRAEL', 'ACCEPTED', 97.0, 3.6, 520.0000000000),      -- CRYPTO TAXED BUT NOT BANNED
('BHS', 'BAHAMAS', 'ACCEPTED', 95.0, 10.1, 13.0000000000)
 ;
                                                                                                                  ;
-- ACCEPTED COUNTRY DATA START
INSERT INTO ACCEPTED_COUNTRY (COUNTRY_CODE, RESTRICTIONS, CRYPTO_ATMS, ACCEPTED_YEAR)
VALUES
('USA',  'LEGAL (REGULATED AS PROPERTY/COMMODITY, FINCEN OVERSIGHT)', 27000, 2013),
('CAN',  'LEGAL (REGULATED UNDER AML/CFT LAWS, TAXED AS CAPITAL GAINS)', 2500, 2014),
('SLV',  'BITCOIN IS LEGAL TENDER (MANDATORY ACCEPTANCE, IMF RESTRICTIONS)', 200, 2021),
('DEU',  'LEGAL (TAX-FREE AFTER 1-YEAR HOLDING, MICA COMPLIANCE)', 500, 2013),
('JPN',  'LEGAL (REGULATED AS PAYMENT METHOD, STRICT AML RULES)', 1000, 2017),
('AUS',  'LEGAL (REGULATED, TAXED AS PROPERTY, AML/CTF COMPLIANCE)', 400, 2017),
('CHE',  'LEGAL (CRYPTO-FRIENDLY, FINMA OVERSIGHT)', 150, 2014),
('GBR',  'LEGAL (REGULATED, TAXED AS ASSETS, FCA AUTHORIZATION)', 300, 2014),
('SGP',  'LEGAL (REGULATED UNDER PAYMENT SERVICES ACT)', 200, 2019),
('KOR',  'LEGAL (REGULATED, STRICT KYC/AML COMPLIANCE)', 100, 2017),
('BTN',  'LEGAL (STATE-MANAGED BITCOIN MINING FOR RESERVES)', 0, 2020),
('CZE',  'LEGAL (EXPLORING RESERVE, MICA COMPLIANCE)', 50, 2025);
-- ACCEPTED COUNTRY DATA END

-- BANNED COUNTRY DATA START
INSERT INTO BANNED_COUNTRY (COUNTRY_CODE, RESTRICTIONS, CRYPTO_ATMS, BANNED_YEAR)
VALUES
('CHN', 'BANNED (EXCHANGES, TRADING, MINING; FINANCIAL STABILITY, CAPITAL FLIGHT)', 10, 2021),
('DZA',  'BANNED (OWNERSHIP, TRANSACTIONS; MONEY LAUNDERING, TERRORISM FINANCING)', 0, 2018),
('BGD',  'BANNED (FINES, IMPRISONMENT; FINANCIAL STABILITY, ILLICIT ACTIVITIES)', 5, 2017),
('NPL',  'BANNED (TRADING, USE; FRAUD, FINANCIAL STABILITY)', 0, 2021),
('AFG',  'BANNED (TALIBAN RULE; FINANCIAL INSTABILITY, ISLAMIC LAW)', 0, 2022),
('EGY',  'BANNED (HARAM UNDER ISLAMIC LAW; MONEY LAUNDERING, VOLATILITY)', 2, 2018),
('IRQ', 'BANNED (FINANCIAL CRIME, CONSUMER PROTECTION; PATCHY ENFORCEMENT)', 1, 2017),
('MAR',  'BANNED (FINANCIAL CRIME, INSTABILITY; POSSIBLE LEGALIZATION 2025)', 3, 2017),
('QAT', 'BANNED (QFCRA PROHIBITS ALL CRYPTO ACTIVITIES)', 0, 2018),
('TUN',  'BANNED (LIMITED DATA; FINANCIAL STABILITY CONCERNS)', 0, 2018);
-- BANNED COUNTRY DATA END

-- ACCEPTED_COUNTRYWISE_MOST_USED_CRYPTO DATA END
INSERT INTO ACCEPTED_COUNTRYWISE_MOST_USED_CRYPTO (YEAR, COUNTRY_CODE, CRYPTO_SYMBOL, USER_PERCENTAGE)
VALUES
-- UNITED STATES (USA): 2013-2024
(2013, 'USA', 'BTC', 95.00000), -- BTC DOMINATES EARLY
(2013, 'USA', 'XRP', 4.00000),
(2014, 'USA', 'BTC', 90.00000),
(2014, 'USA', 'XRP', 5.00000),
(2014, 'USA', 'USDT', 4.00000), -- USDT LAUNCHED 2014
(2015, 'USA', 'BTC', 80.00000),
(2015, 'USA', 'ETH', 10.00000), -- ETH LAUNCHED 2015
(2015, 'USA', 'USDT', 5.00000),
(2015, 'USA', 'XRP', 4.00000),
(2017, 'USA', 'BTC', 60.00000), -- ICO BOOM, ALTCOINS GROW
(2017, 'USA', 'ETH', 20.00000),
(2017, 'USA', 'USDT', 10.00000),
(2017, 'USA', 'DOGE', 3.00000), -- DOGE LAUNCHED 2013, GAINS TRACTION
(2017, 'USA', 'XRP', 3.00000),
(2017, 'USA', 'BNB', 2.00000), -- BNB, ADA LAUNCHED 2017
(2017, 'USA', 'ADA', 2.00000),
(2020, 'USA', 'BTC', 50.00000), -- DEFI, NFTS BOOST ALTCOINS
(2020, 'USA', 'ETH', 20.00000),
(2020, 'USA', 'USDT', 10.00000),
(2020, 'USA', 'DOGE', 8.00000),
(2020, 'USA', 'SOL', 3.00000), -- SOL, DOT LAUNCHED 2020
(2020, 'USA', 'ADA', 2.00000),
(2020, 'USA', 'DOT', 2.00000),
(2020, 'USA', 'XRP', 2.00000),
(2020, 'USA', 'BNB', 2.00000),
(2024, 'USA', 'BTC', 50.00000), -- MATCHES PREVIOUS 2024 ESTIMATE
(2024, 'USA', 'ETH', 20.00000),
(2024, 'USA', 'USDT', 10.00000),
(2024, 'USA', 'DOGE', 8.00000),
(2024, 'USA', 'SOL', 5.00000),
(2024, 'USA', 'ADA', 2.00000),
(2024, 'USA', 'DOT', 2.00000),
(2024, 'USA', 'XRP', 1.50000),
(2024, 'USA', 'BNB', 1.00000),
-- EL SALVADOR (SLV): 2021-2024 (BTC LEGAL TENDER)
(2021, 'SLV', 'BTC', 90.00000),
(2021, 'SLV', 'ETH', 5.00000),
(2021, 'SLV', 'USDT', 2.00000),
(2021, 'SLV', 'DOGE', 1.00000),
(2021, 'SLV', 'SOL', 0.50000),
(2021, 'SLV', 'ADA', 0.50000),
(2021, 'SLV', 'DOT', 0.50000),
(2021, 'SLV', 'XRP', 0.50000),
(2021, 'SLV', 'BNB', 0.50000),
(2024, 'SLV', 'BTC', 85.00000),
(2024, 'SLV', 'ETH', 5.00000),
(2024, 'SLV', 'USDT', 3.00000),
(2024, 'SLV', 'DOGE', 1.00000),
(2024, 'SLV', 'SOL', 1.00000),
(2024, 'SLV', 'ADA', 1.00000),
(2024, 'SLV', 'DOT', 1.00000),
(2024, 'SLV', 'XRP', 1.00000),
(2024, 'SLV', 'BNB', 1.00000),
-- SINGAPORE (SGP): 2019-2024 (DEFI, TRADING HUB)
(2019, 'SGP', 'BTC', 60.00000),
(2019, 'SGP', 'ETH', 20.00000),
(2019, 'SGP', 'USDT', 10.00000),
(2019, 'SGP', 'DOGE', 3.00000),
(2019, 'SGP', 'XRP', 3.00000),
(2019, 'SGP', 'BNB', 2.00000),
(2019, 'SGP', 'ADA', 2.00000),
(2020, 'SGP', 'BTC', 45.00000),
(2020, 'SGP', 'ETH', 25.00000),
(2020, 'SGP', 'USDT', 15.00000),
(2020, 'SGP', 'DOGE', 3.00000),
(2020, 'SGP', 'SOL', 3.00000),
(2020, 'SGP', 'ADA', 3.00000),
(2020, 'SGP', 'DOT', 3.00000),
(2020, 'SGP', 'XRP', 2.00000),
(2020, 'SGP', 'BNB', 2.00000),
(2024, 'SGP', 'BTC', 35.00000), -- MATCHES PREVIOUS 2024 ESTIMATE
(2024, 'SGP', 'ETH', 25.00000),
(2024, 'SGP', 'USDT', 20.00000),
(2024, 'SGP', 'DOGE', 3.00000),
(2024, 'SGP', 'SOL', 7.00000),
(2024, 'SGP', 'ADA', 5.00000),
(2024, 'SGP', 'DOT', 5.00000),
(2024, 'SGP', 'XRP', 3.00000),
(2024, 'SGP', 'BNB', 3.00000);

-- USER_AMOUNT_IN_BANNED_COUNTRY DATA START

INSERT INTO USER_AMOUNT_IN_BANNED_COUNTRY (YEAR, COUNTRY_CODE, USER_AMOUNT) VALUES
-- CHINA (BANNED 2021)
('2008', 'CHN', 0.00100000000000000000), -- PRE-BITCOIN ERA
('2009', 'CHN', 0.00500000000000000000),
('2010', 'CHN', 0.02000000000000000000),
('2011', 'CHN', 0.10000000000000000000), -- EARLY MINING ADOPTION
('2012', 'CHN', 0.30000000000000000000),
('2013', 'CHN', 0.80000000000000000000), -- BTC PRICE SURGE
('2014', 'CHN', 1.50000000000000000000),
('2015', 'CHN', 2.20000000000000000000),
('2016', 'CHN', 3.00000000000000000000), -- MINING DOMINANCE
('2017', 'CHN', 3.80000000000000000000),
('2018', 'CHN', 4.50000000000000000000), -- PRE-BAN PEAK
('2019', 'CHN', 5.00000000000000000000),
('2020', 'CHN', 5.50000000000000000000), -- BAN ANNOUNCED
('2021', 'CHN', 1.20000000000000000000), -- POST-BAN CRASH
('2022', 'CHN', 0.60000000000000000000), -- UNDERGROUND MINING
('2023', 'CHN', 0.30000000000000000000),
('2024', 'CHN', 0.15000000000000000000), -- CONTINUED CRACKDOWN

-- ALGERIA (BANNED 2018)
('2008', 'DZA', 0.00010000000000000000),
('2009', 'DZA', 0.00050000000000000000),
('2010', 'DZA', 0.00200000000000000000),
('2011', 'DZA', 0.01000000000000000000),
('2012', 'DZA', 0.03000000000000000000),
('2013', 'DZA', 0.06000000000000000000),
('2014', 'DZA', 0.10000000000000000000),
('2015', 'DZA', 0.15000000000000000000),
('2016', 'DZA', 0.20000000000000000000),
('2017', 'DZA', 0.25000000000000000000), -- PEAK PRE-BAN
('2018', 'DZA', 0.10000000000000000000), -- BAN ENFORCED
('2019', 'DZA', 0.05000000000000000000),
('2020', 'DZA', 0.03000000000000000000),
('2021', 'DZA', 0.02000000000000000000),
('2022', 'DZA', 0.01500000000000000000),
('2023', 'DZA', 0.01000000000000000000),
('2024', 'DZA', 0.00800000000000000000), -- RESIDUAL USAGE

-- BANGLADESH (BANNED 2017)
('2008', 'BGD', 0.00001000000000000000),
('2009', 'BGD', 0.00005000000000000000),
('2010', 'BGD', 0.00020000000000000000),
('2011', 'BGD', 0.00100000000000000000),
('2012', 'BGD', 0.00500000000000000000),
('2013', 'BGD', 0.02000000000000000000),
('2014', 'BGD', 0.08000000000000000000),
('2015', 'BGD', 0.30000000000000000000), -- REMITTANCE USE CASES
('2016', 'BGD', 0.70000000000000000000),
('2017', 'BGD', 1.20000000000000000000), -- BAN YEAR PEAK
('2018', 'BGD', 0.50000000000000000000), -- POST-BAN DROP
('2019', 'BGD', 0.30000000000000000000),
('2020', 'BGD', 0.20000000000000000000),
('2021', 'BGD', 0.15000000000000000000),
('2022', 'BGD', 0.10000000000000000000),
('2023', 'BGD', 0.08000000000000000000),
('2024', 'BGD', 0.06000000000000000000),

-- NEPAL (BANNED 2021)
('2008', 'NPL', 0.00000100000000000000),
-- ...
('2020', 'NPL', 0.20000000000000000000), -- PRE-BAN GROWTH
('2021', 'NPL', 0.05000000000000000000), -- BAN ENFORCED
('2022', 'NPL', 0.03000000000000000000),
('2023', 'NPL', 0.02000000000000000000),
('2024', 'NPL', 0.01500000000000000000),

-- EGYPT (BANNED 2018)
('2008', 'EGY', 0.00001000000000000000),
-- ...
('2017', 'EGY', 0.60000000000000000000), -- PEAK PRE-BAN
('2018', 'EGY', 0.25000000000000000000), -- ISLAMIC LAW BAN
('2019', 'EGY', 0.15000000000000000000),
('2024', 'EGY', 0.05000000000000000000),

-- IRAQ (BANNED 2017)
('2008', 'IRQ', 0.00000100000000000000),
-- ...
('2016', 'IRQ', 0.30000000000000000000),
('2017', 'IRQ', 0.10000000000000000000), -- BAN ENFORCED
('2024', 'IRQ', 0.05000000000000000000),

-- MOROCCO (BANNED 2017)
('2008', 'MAR', 0.00010000000000000000),
-- ...
('2016', 'MAR', 0.50000000000000000000),
('2017', 'MAR', 0.20000000000000000000), -- BAN ENFORCED
('2024', 'MAR', 0.30000000000000000000), -- ANTICIPATION OF LEGALIZATION

-- QATAR (BANNED 2018)
('2008', 'QAT', 0.00000100000000000000),
-- ...
('2017', 'QAT', 0.08000000000000000000),
('2018', 'QAT', 0.01000000000000000000), -- STRICT BAN
('2024', 'QAT', 0.00200000000000000000),

-- TUNISIA (BANNED 2018)
('2008', 'TUN', 0.00000100000000000000),
-- ...
('2017', 'TUN', 0.10000000000000000000),
('2018', 'TUN', 0.04000000000000000000), -- POST-BAN
('2024', 'TUN', 0.02000000000000000000),

-- AFGHANISTAN (BANNED 2022)
('2008', 'AFG', 0.00000010000000000000),
-- ...
('2021', 'AFG', 0.03000000000000000000), -- PRE-TALIBAN PEAK
('2022', 'AFG', 0.00500000000000000000), -- TALIBAN BAN
('2023', 'AFG', 0.00200000000000000000),
('2024', 'AFG', 0.00100000000000000000);

-- USER_AMOUNT_IN_BANNED_COUNTRY DATA END


SELECT * FROM BLOCKCHAIN_ACCESS_TYPE;
SELECT * FROM BLOCKCHAIN_NETWORK_TYPE;
SELECT * FROM CONSENSUS_ALGORITHM_TYPE;
SELECT NAME FROM HASH_ALGO_NAME;
SELECT * FROM CRYPTO_CURRENCY_PERFORMANCE_METRICS WHERE CRYPTO_CURRENCY_PERFORMANCE_METRICS.AVERAGE_TRX_FEE>=1 ORDER BY AVERAGE_TRX_FEE ASC;
SELECT * FROM TOTAL_USER_DISTRIBUTION;
WITH TMP AS (SELECT SYMBOL,MAX_PRICE,MIN_PRICE,MAX_PRICE_DATE,MIN_PRICE_DATE,(MAX_PRICE-MIN_PRICE)*100/MIN_PRICE AS MAX_RETURN FROM CRYPTO ORDER BY CIRCULATING_SUPPLY DESC)
SELECT *,TMP.MAX_RETURN FROM TMP WHERE SYMBOL='XMR' ;

SELECT SYMBOL,DOMINANCE FROM MARKET_DOMINANCE WHERE YEAR=2025 ORDER BY DOMINANCE DESC ;


SELECT * FROM CRYPTO WHERE CONSENSUS_ALGORITHM_TYPE='POS';


-- QUERY FOR THIS BROKERAGE WHOSE HEADQUARTER IN THIS KIND OF COUNTRY WHERE CRYPTO IS ACCEPTED
SELECT BROKERAGE.NAME,BROKERAGE.HEADQUARTER,COUNTRY.CRYPTO_STATUS FROM BROKERAGE JOIN COUNTRY WHERE COUNTRY.CRYPTO_STATUS='ACCEPTED' AND BROKERAGE.HEADQUARTER LIKE
                                                                                                     CONCAT('%',COUNTRY.COUNTRY_NAME,'%');


WITH TMP AS (SELECT CRYPTO.SYMBOL,CRYPTO.CONSENSUS_ALGORITHM_TYPE,CRYPTO_CURRENCY_PERFORMANCE_METRICS.AVERAGE_TRX_FEE,
                    CRYPTO_CURRENCY_PERFORMANCE_METRICS.TRANSACTION_PER_SECOND
FROM CRYPTO_CURRENCY_PERFORMANCE_METRICS
JOIN CRYPTO
WHERE CRYPTO.SYMBOL = CRYPTO_CURRENCY_PERFORMANCE_METRICS.SYMBOL) SELECT CONSENSUS_ALGORITHM_TYPE,COUNT(CONSENSUS_ALGORITHM_TYPE) FROM TMP GROUP BY CONSENSUS_ALGORITHM_TYPE;

SELECT * FROM COUNTRY;



SELECT CONSENSUS_ALGORITHM_TYPE,COUNT(CONSENSUS_ALGORITHM_TYPE) FROM CRYPTO GROUP BY CONSENSUS_ALGORITHM_TYPE
                                                                            HAVING CONSENSUS_ALGORITHM_TYPE='POW'
OR CONSENSUS_ALGORITHM_TYPE='POS' OR CONSENSUS_ALGORITHM_TYPE='AUXPOW';


SELECT * FROM BROKERAGE;

WITH TMP AS (SELECT BROKERAGE.NAME FROM BROKERAGE LEFT JOIN CONTROVERSY ON BROKERAGE.NAME=CONTROVERSY.BROKERAGE_NAME WHERE OWN_CRYPTO_CURRENCY IS NULL
AND CONTROVERSY.CONTROVERSY_DETAIL IS NULL) SELECT NAME,YEAR,TOTAL_USER AS TOTAL_USER_IN_MILLION FROM TMP JOIN TOP_BROKERAGE ON TMP.NAME=TOP_BROKERAGE.BROKERAGE_NAME;

SELECT *FROM  ACCEPTED_COUNTRY;
SELECT *FROM  ACCEPTED_COUNTRYWISE_MOST_USED_CRYPTO;
SELECT *FROM BANNED_COUNTRY;
SELECT *FROM BLOCK_REWARD_EMISSION;
SELECT *FROM BLOCK_REWARD_EMISSION_TYPE;
SELECT *FROM BLOCKCHAIN_ACCESS_TYPE;
SELECT *FROM  BLOCKCHAIN_NETWORK_TYPE;
SELECT *FROM BLOCKCHAIN_TOKEN_TYPE;
SELECT *FROM BROKERAGE;
SELECT *FROM CONSENSUS_ALGORITHM_TYPE;
SELECT *FROM CONTROVERSY;
SELECT *FROM COUNTRY;
SELECT *FROM CRYPTO;
SELECT *FROM CRYPTO_CURRENCY_PERFORMANCE_METRICS;
SELECT *FROM CRYPTO_ETF;
SELECT *FROM ETF_INVESTMENT_TYPE;
SELECT *FROM HASH_ALGO_NAME;
SELECT *FROM HFT_AMF_FIRMS;
SELECT *FROM MARKET_DOMINANCE;
SELECT *FROM REWARD_DETAILS;
SELECT *FROM TOP_BROKERAGE;
SELECT *FROM TOTAL_USER_DISTRIBUTION;
SELECT *FROM USER_AMOUNT_IN_BANNED_COUNTRY;